[01-06-2026  2:13:51.88] Starting automated database backup... 
🔄 Connecting to PostgreSQL database...
(node:5392) Warning: SECURITY WARNING: The SSL modes 'prefer', 'require', and 'verify-ca' are treated as aliases for 'verify-full'.
In the next major version (pg-connection-string v3.0.0 and pg v9.0.0), these modes will adopt standard libpq semantics, which have weaker security guarantees.

To prepare for this change:
- If you want the current behavior, explicitly use 'sslmode=verify-full'
- If you want libpq compatibility now, use 'uselibpqcompat=true&sslmode=require'

See https://www.postgresql.org/docs/current/libpq-ssl.html for libpq SSL mode definitions.
(Use `node --trace-warnings ...` to show where the warning was created)
node:internal/process/promises:332
    triggerUncaughtException(err, true /* fromPromise */);
    ^

Error: getaddrinfo ENOTFOUND ep-billowing-star-ajgbsm9e-pooler.c-3.us-east-2.aws.neon.tech
    at GetAddrInfoReqWrap.onlookupall [as oncomplete] (node:dns:121:26) {
  errno: -3008,
  code: 'ENOTFOUND',
  syscall: 'getaddrinfo',
  hostname: 'ep-billowing-star-ajgbsm9e-pooler.c-3.us-east-2.aws.neon.tech'
}

Node.js v25.6.1
[01-06-2026  2:13:52.06] Backup finished. 
 
[01-06-2026 23:19:21.37] Starting automated database backup... 
🔄 Connecting to PostgreSQL database...
(node:13648) Warning: SECURITY WARNING: The SSL modes 'prefer', 'require', and 'verify-ca' are treated as aliases for 'verify-full'.
In the next major version (pg-connection-string v3.0.0 and pg v9.0.0), these modes will adopt standard libpq semantics, which have weaker security guarantees.

To prepare for this change:
- If you want the current behavior, explicitly use 'sslmode=verify-full'
- If you want libpq compatibility now, use 'uselibpqcompat=true&sslmode=require'

See https://www.postgresql.org/docs/current/libpq-ssl.html for libpq SSL mode definitions.
(Use `node --trace-warnings ...` to show where the warning was created)
^C[02-06-2026  2:00:02.94] Starting automated database backup... 
🔄 Connecting to PostgreSQL database...
(node:17852) Warning: SECURITY WARNING: The SSL modes 'prefer', 'require', and 'verify-ca' are treated as aliases for 'verify-full'.
In the next major version (pg-connection-string v3.0.0 and pg v9.0.0), these modes will adopt standard libpq semantics, which have weaker security guarantees.

To prepare for this change:
- If you want the current behavior, explicitly use 'sslmode=verify-full'
- If you want libpq compatibility now, use 'uselibpqcompat=true&sslmode=require'

See https://www.postgresql.org/docs/current/libpq-ssl.html for libpq SSL mode definitions.
(Use `node --trace-warnings ...` to show where the warning was created)
✅ Connected successfully.
📦 Exporting table "User"...
✔️ Exported 4 rows from "User".
📦 Exporting table "Tower"...
✔️ Exported 2 rows from "Tower".
📦 Exporting table "Room"...
✔️ Exported 34 rows from "Room".
📦 Exporting table "Tenant"...
✔️ Exported 2 rows from "Tenant".
📦 Exporting table "RentRecord"...
✔️ Exported 3 rows from "RentRecord".
📦 Exporting table "Payment"...
✔️ Exported 1 rows from "Payment".
📦 Exporting table "MaintenanceRequest"...
✔️ Exported 2 rows from "MaintenanceRequest".
📦 Exporting table "Notification"...
✔️ Exported 25 rows from "Notification".
📦 Exporting table "Document"...
✔️ Exported 0 rows from "Document".
📦 Exporting table "ActivityLog"...
✔️ Exported 0 rows from "ActivityLog".
📦 Exporting table "OtpCode"...
✔️ Exported 21 rows from "OtpCode".
📦 Exporting table "WhatsappQueue"...
✔️ Exported 18 rows from "WhatsappQueue".
📦 Exporting table "PushSubscription"...
✔️ Exported 3 rows from "PushSubscription".

==================================================
🎉 DATABASE BACKUP COMPLETED SUCCESSFULLY!
📂 Saved to: C:\Users\prash\.gemini\antigravity\scratch\atul-residency\backups\backup-2026-06-01T20-30-16-530Z.json
==================================================

✉️ Syncing backup file to cloud inbox: sending to atultiwari123321@gmail.com...
📧 Database backup successfully emailed to atultiwari123321@gmail.com!
🗂️ 17 backups found. No cleanup needed (keeping 30).
[02-06-2026  2:00:24.89] Backup finished. 
 
[03-06-2026  0:52:34.78] Starting automated database backup... 
🔄 Connecting to PostgreSQL database...
(node:9456) Warning: SECURITY WARNING: The SSL modes 'prefer', 'require', and 'verify-ca' are treated as aliases for 'verify-full'.
In the next major version (pg-connection-string v3.0.0 and pg v9.0.0), these modes will adopt standard libpq semantics, which have weaker security guarantees.

To prepare for this change:
- If you want the current behavior, explicitly use 'sslmode=verify-full'
- If you want libpq compatibility now, use 'uselibpqcompat=true&sslmode=require'

See https://www.postgresql.org/docs/current/libpq-ssl.html for libpq SSL mode definitions.
(Use `node --trace-warnings ...` to show where the warning was created)
✅ Connected successfully.
📦 Exporting table "User"...
✔️ Exported 5 rows from "User".
📦 Exporting table "Tower"...
✔️ Exported 2 rows from "Tower".
📦 Exporting table "Room"...
✔️ Exported 34 rows from "Room".
📦 Exporting table "Tenant"...
✔️ Exported 3 rows from "Tenant".
📦 Exporting table "RentRecord"...
✔️ Exported 4 rows from "RentRecord".
📦 Exporting table "Payment"...
✔️ Exported 3 rows from "Payment".
📦 Exporting table "MaintenanceRequest"...
✔️ Exported 4 rows from "MaintenanceRequest".
📦 Exporting table "Notification"...
✔️ Exported 39 rows from "Notification".
📦 Exporting table "Document"...
✔️ Exported 0 rows from "Document".
📦 Exporting table "ActivityLog"...
✔️ Exported 0 rows from "ActivityLog".
📦 Exporting table "OtpCode"...
✔️ Exported 21 rows from "OtpCode".
📦 Exporting table "WhatsappQueue"...
✔️ Exported 24 rows from "WhatsappQueue".
📦 Exporting table "PushSubscription"...
✔️ Exported 2 rows from "PushSubscription".

==================================================
🎉 DATABASE BACKUP COMPLETED SUCCESSFULLY!
📂 Saved to: C:\Users\prash\.gemini\antigravity\scratch\atul-residency\backups\backup-2026-06-02T19-22-51-589Z.json
==================================================

✉️ Syncing backup file to cloud inbox: sending to atultiwari123321@gmail.com...
📧 Database backup successfully emailed to atultiwari123321@gmail.com!
🗂️ 21 backups found. No cleanup needed (keeping 30).
[03-06-2026  0:52:59.41] Backup finished. 
 
[03-06-2026  2:00:01.74] Starting automated database backup... 
🔄 Connecting to PostgreSQL database...
(node:24260) Warning: SECURITY WARNING: The SSL modes 'prefer', 'require', and 'verify-ca' are treated as aliases for 'verify-full'.
In the next major version (pg-connection-string v3.0.0 and pg v9.0.0), these modes will adopt standard libpq semantics, which have weaker security guarantees.

To prepare for this change:
- If you want the current behavior, explicitly use 'sslmode=verify-full'
- If you want libpq compatibility now, use 'uselibpqcompat=true&sslmode=require'

See https://www.postgresql.org/docs/current/libpq-ssl.html for libpq SSL mode definitions.
(Use `node --trace-warnings ...` to show where the warning was created)
^C[03-06-2026 14:00:02.49] Starting automated database backup... 
🔄 Connecting to PostgreSQL database...
(node:11876) Warning: SECURITY WARNING: The SSL modes 'prefer', 'require', and 'verify-ca' are treated as aliases for 'verify-full'.
In the next major version (pg-connection-string v3.0.0 and pg v9.0.0), these modes will adopt standard libpq semantics, which have weaker security guarantees.

To prepare for this change:
- If you want the current behavior, explicitly use 'sslmode=verify-full'
- If you want libpq compatibility now, use 'uselibpqcompat=true&sslmode=require'

See https://www.postgresql.org/docs/current/libpq-ssl.html for libpq SSL mode definitions.
(Use `node --trace-warnings ...` to show where the warning was created)
✅ Connected successfully.
📦 Exporting table "User"...
✔️ Exported 6 rows from "User".
📦 Exporting table "Tower"...
✔️ Exported 2 rows from "Tower".
📦 Exporting table "Room"...
✔️ Exported 34 rows from "Room".
📦 Exporting table "Tenant"...
✔️ Exported 4 rows from "Tenant".
📦 Exporting table "RentRecord"...
✔️ Exported 4 rows from "RentRecord".
📦 Exporting table "Payment"...
✔️ Exported 2 rows from "Payment".
📦 Exporting table "MaintenanceRequest"...
✔️ Exported 3 rows from "MaintenanceRequest".
📦 Exporting table "Notification"...
✔️ Exported 50 rows from "Notification".
📦 Exporting table "Document"...
✔️ Exported 0 rows from "Document".
📦 Exporting table "ActivityLog"...
✔️ Exported 0 rows from "ActivityLog".
📦 Exporting table "OtpCode"...
✔️ Exported 24 rows from "OtpCode".
📦 Exporting table "WhatsappQueue"...
✔️ Exported 45 rows from "WhatsappQueue".
📦 Exporting table "PushSubscription"...
✔️ Exported 3 rows from "PushSubscription".

==================================================
🎉 DATABASE BACKUP COMPLETED SUCCESSFULLY!
📂 Saved to: C:\Users\prash\.gemini\antigravity\scratch\atul-residency\backups\backup-2026-06-03T08-30-13-854Z.json
==================================================

✉️ Syncing backup file to cloud inbox: sending to atultiwari123321@gmail.com...
📧 Database backup successfully emailed to atultiwari123321@gmail.com!
🗂️ 25 backups found. No cleanup needed (keeping 30).
[03-06-2026 14:00:27.67] Backup finished. 
 
[05-06-2026 14:18:19.43] Starting automated database backup... 
🔄 Connecting to PostgreSQL database...
(node:11532) Warning: SECURITY WARNING: The SSL modes 'prefer', 'require', and 'verify-ca' are treated as aliases for 'verify-full'.
In the next major version (pg-connection-string v3.0.0 and pg v9.0.0), these modes will adopt standard libpq semantics, which have weaker security guarantees.

To prepare for this change:
- If you want the current behavior, explicitly use 'sslmode=verify-full'
- If you want libpq compatibility now, use 'uselibpqcompat=true&sslmode=require'

See https://www.postgresql.org/docs/current/libpq-ssl.html for libpq SSL mode definitions.
(Use `node --trace-warnings ...` to show where the warning was created)
✅ Connected successfully.
📦 Exporting table "User"...
✔️ Exported 6 rows from "User".
📦 Exporting table "Tower"...
✔️ Exported 2 rows from "Tower".
📦 Exporting table "Room"...
✔️ Exported 34 rows from "Room".
📦 Exporting table "Tenant"...
✔️ Exported 4 rows from "Tenant".
📦 Exporting table "RentRecord"...
✔️ Exported 4 rows from "RentRecord".
📦 Exporting table "Payment"...
✔️ Exported 2 rows from "Payment".
📦 Exporting table "MaintenanceRequest"...
✔️ Exported 3 rows from "MaintenanceRequest".
📦 Exporting table "Notification"...
✔️ Exported 50 rows from "Notification".
📦 Exporting table "Document"...
✔️ Exported 0 rows from "Document".
📦 Exporting table "ActivityLog"...
✔️ Exported 0 rows from "ActivityLog".
📦 Exporting table "OtpCode"...
✔️ Exported 24 rows from "OtpCode".
📦 Exporting table "WhatsappQueue"...
✔️ Exported 45 rows from "WhatsappQueue".
📦 Exporting table "PushSubscription"...
✔️ Exported 3 rows from "PushSubscription".

==================================================
🎉 DATABASE BACKUP COMPLETED SUCCESSFULLY!
📂 Saved to: C:\Users\prash\.gemini\antigravity\scratch\atul-residency\backups\backup-2026-06-05T08-48-30-450Z.json
==================================================

✉️ Syncing backup file to cloud inbox: sending to atultiwari123321@gmail.com...
📧 Database backup successfully emailed to atultiwari123321@gmail.com!
🗂️ 27 backups found. No cleanup needed (keeping 30).
[05-06-2026 14:18:43.71] Backup finished. 
 
[06-06-2026  4:06:09.82] Starting automated database backup... 
🔄 Connecting to PostgreSQL database...
(node:7664) Warning: SECURITY WARNING: The SSL modes 'prefer', 'require', and 'verify-ca' are treated as aliases for 'verify-full'.
In the next major version (pg-connection-string v3.0.0 and pg v9.0.0), these modes will adopt standard libpq semantics, which have weaker security guarantees.

To prepare for this change:
- If you want the current behavior, explicitly use 'sslmode=verify-full'
- If you want libpq compatibility now, use 'uselibpqcompat=true&sslmode=require'

See https://www.postgresql.org/docs/current/libpq-ssl.html for libpq SSL mode definitions.
(Use `node --trace-warnings ...` to show where the warning was created)
node:internal/process/promises:332
    triggerUncaughtException(err, true /* fromPromise */);
    ^

Error: getaddrinfo ENOTFOUND ep-billowing-star-ajgbsm9e-pooler.c-3.us-east-2.aws.neon.tech
    at GetAddrInfoReqWrap.onlookupall [as oncomplete] (node:dns:121:26) {
  errno: -3008,
  code: 'ENOTFOUND',
  syscall: 'getaddrinfo',
  hostname: 'ep-billowing-star-ajgbsm9e-pooler.c-3.us-east-2.aws.neon.tech'
}

Node.js v25.6.1
[06-06-2026  4:06:09.99] Backup finished. 
 
[06-06-2026 14:00:01.95] Starting automated database backup... 
🔄 Connecting to PostgreSQL database...
(node:8104) Warning: SECURITY WARNING: The SSL modes 'prefer', 'require', and 'verify-ca' are treated as aliases for 'verify-full'.
In the next major version (pg-connection-string v3.0.0 and pg v9.0.0), these modes will adopt standard libpq semantics, which have weaker security guarantees.

To prepare for this change:
- If you want the current behavior, explicitly use 'sslmode=verify-full'
- If you want libpq compatibility now, use 'uselibpqcompat=true&sslmode=require'

See https://www.postgresql.org/docs/current/libpq-ssl.html for libpq SSL mode definitions.
(Use `node --trace-warnings ...` to show where the warning was created)
✅ Connected successfully.
📦 Exporting table "User"...
✔️ Exported 6 rows from "User".
📦 Exporting table "Tower"...
✔️ Exported 2 rows from "Tower".
📦 Exporting table "Room"...
✔️ Exported 34 rows from "Room".
📦 Exporting table "Tenant"...
✔️ Exported 4 rows from "Tenant".
📦 Exporting table "RentRecord"...
✔️ Exported 4 rows from "RentRecord".
📦 Exporting table "Payment"...
✔️ Exported 2 rows from "Payment".
📦 Exporting table "MaintenanceRequest"...
✔️ Exported 3 rows from "MaintenanceRequest".
📦 Exporting table "Notification"...
✔️ Exported 50 rows from "Notification".
📦 Exporting table "Document"...
✔️ Exported 0 rows from "Document".
📦 Exporting table "ActivityLog"...
✔️ Exported 0 rows from "ActivityLog".
📦 Exporting table "OtpCode"...
✔️ Exported 24 rows from "OtpCode".
📦 Exporting table "WhatsappQueue"...
✔️ Exported 45 rows from "WhatsappQueue".
📦 Exporting table "PushSubscription"...
✔️ Exported 3 rows from "PushSubscription".

==================================================
🎉 DATABASE BACKUP COMPLETED SUCCESSFULLY!
📂 Saved to: C:\Users\prash\.gemini\antigravity\scratch\atul-residency\backups\backup-2026-06-06T08-30-16-176Z.json
==================================================

✉️ Syncing backup file to cloud inbox: sending to atultiwari123321@gmail.com...
📧 Database backup successfully emailed to atultiwari123321@gmail.com!
🗑️ Cleaning up 1 old backup(s)...
  Deleted: backup-2026-05-29T03-27-56-099Z.json
✅ Kept 30 most recent backups.
[06-06-2026 14:00:30.17] Backup finished. 
 
[07-06-2026  5:38:19.54] Starting automated database backup... 
🔄 Connecting to PostgreSQL database...
(node:10364) Warning: SECURITY WARNING: The SSL modes 'prefer', 'require', and 'verify-ca' are treated as aliases for 'verify-full'.
In the next major version (pg-connection-string v3.0.0 and pg v9.0.0), these modes will adopt standard libpq semantics, which have weaker security guarantees.

To prepare for this change:
- If you want the current behavior, explicitly use 'sslmode=verify-full'
- If you want libpq compatibility now, use 'uselibpqcompat=true&sslmode=require'

See https://www.postgresql.org/docs/current/libpq-ssl.html for libpq SSL mode definitions.
(Use `node --trace-warnings ...` to show where the warning was created)
node:internal/process/promises:332
    triggerUncaughtException(err, true /* fromPromise */);
    ^

Error: getaddrinfo ENOTFOUND ep-billowing-star-ajgbsm9e-pooler.c-3.us-east-2.aws.neon.tech
    at GetAddrInfoReqWrap.onlookupall [as oncomplete] (node:dns:121:26) {
  errno: -3008,
  code: 'ENOTFOUND',
  syscall: 'getaddrinfo',
  hostname: 'ep-billowing-star-ajgbsm9e-pooler.c-3.us-east-2.aws.neon.tech'
}

Node.js v25.6.1
[07-06-2026  5:38:19.73] Backup finished. 
 
[07-06-2026 17:48:44.27] Starting automated database backup... 
🔄 Connecting to PostgreSQL database...
(node:5212) Warning: SECURITY WARNING: The SSL modes 'prefer', 'require', and 'verify-ca' are treated as aliases for 'verify-full'.
In the next major version (pg-connection-string v3.0.0 and pg v9.0.0), these modes will adopt standard libpq semantics, which have weaker security guarantees.

To prepare for this change:
- If you want the current behavior, explicitly use 'sslmode=verify-full'
- If you want libpq compatibility now, use 'uselibpqcompat=true&sslmode=require'

See https://www.postgresql.org/docs/current/libpq-ssl.html for libpq SSL mode definitions.
(Use `node --trace-warnings ...` to show where the warning was created)
✅ Connected successfully.
📦 Exporting table "User"...
✔️ Exported 6 rows from "User".
📦 Exporting table "Tower"...
✔️ Exported 2 rows from "Tower".
📦 Exporting table "Room"...
✔️ Exported 34 rows from "Room".
📦 Exporting table "Tenant"...
✔️ Exported 4 rows from "Tenant".
📦 Exporting table "RentRecord"...
✔️ Exported 4 rows from "RentRecord".
📦 Exporting table "Payment"...
✔️ Exported 2 rows from "Payment".
📦 Exporting table "MaintenanceRequest"...
✔️ Exported 3 rows from "MaintenanceRequest".
📦 Exporting table "Notification"...
✔️ Exported 50 rows from "Notification".
📦 Exporting table "Document"...
✔️ Exported 0 rows from "Document".
📦 Exporting table "ActivityLog"...
✔️ Exported 0 rows from "ActivityLog".
📦 Exporting table "OtpCode"...
✔️ Exported 24 rows from "OtpCode".
📦 Exporting table "WhatsappQueue"...
^C[09-06-2026  6:13:36.31] Starting automated database backup... 
🔄 Connecting to PostgreSQL database...
(node:2180) Warning: SECURITY WARNING: The SSL modes 'prefer', 'require', and 'verify-ca' are treated as aliases for 'verify-full'.
In the next major version (pg-connection-string v3.0.0 and pg v9.0.0), these modes will adopt standard libpq semantics, which have weaker security guarantees.

To prepare for this change:
- If you want the current behavior, explicitly use 'sslmode=verify-full'
- If you want libpq compatibility now, use 'uselibpqcompat=true&sslmode=require'

See https://www.postgresql.org/docs/current/libpq-ssl.html for libpq SSL mode definitions.
(Use `node --trace-warnings ...` to show where the warning was created)
^C[10-06-2026 16:16:54.89] Starting automated database backup... 
🔄 Connecting to PostgreSQL database...
(node:7136) Warning: SECURITY WARNING: The SSL modes 'prefer', 'require', and 'verify-ca' are treated as aliases for 'verify-full'.
In the next major version (pg-connection-string v3.0.0 and pg v9.0.0), these modes will adopt standard libpq semantics, which have weaker security guarantees.

To prepare for this change:
- If you want the current behavior, explicitly use 'sslmode=verify-full'
- If you want libpq compatibility now, use 'uselibpqcompat=true&sslmode=require'

See https://www.postgresql.org/docs/current/libpq-ssl.html for libpq SSL mode definitions.
(Use `node --trace-warnings ...` to show where the warning was created)
^C[11-06-2026  7:14:33.12] Starting automated database backup... 
🔄 Connecting to PostgreSQL database...
(node:11248) Warning: SECURITY WARNING: The SSL modes 'prefer', 'require', and 'verify-ca' are treated as aliases for 'verify-full'.
In the next major version (pg-connection-string v3.0.0 and pg v9.0.0), these modes will adopt standard libpq semantics, which have weaker security guarantees.

To prepare for this change:
- If you want the current behavior, explicitly use 'sslmode=verify-full'
- If you want libpq compatibility now, use 'uselibpqcompat=true&sslmode=require'

See https://www.postgresql.org/docs/current/libpq-ssl.html for libpq SSL mode definitions.
(Use `node --trace-warnings ...` to show where the warning was created)
✅ Connected successfully.
📦 Exporting table "User"...
✔️ Exported 6 rows from "User".
📦 Exporting table "Tower"...
✔️ Exported 2 rows from "Tower".
📦 Exporting table "Room"...
✔️ Exported 34 rows from "Room".
📦 Exporting table "Tenant"...
✔️ Exported 4 rows from "Tenant".
📦 Exporting table "RentRecord"...
✔️ Exported 4 rows from "RentRecord".
📦 Exporting table "Payment"...
✔️ Exported 2 rows from "Payment".
📦 Exporting table "MaintenanceRequest"...
✔️ Exported 3 rows from "MaintenanceRequest".
📦 Exporting table "Notification"...
✔️ Exported 50 rows from "Notification".
📦 Exporting table "Document"...
✔️ Exported 0 rows from "Document".
📦 Exporting table "ActivityLog"...
✔️ Exported 0 rows from "ActivityLog".
📦 Exporting table "OtpCode"...
^C[12-06-2026 11:38:18.93] Starting automated database backup... 
🔄 Connecting to PostgreSQL database...
(node:18944) Warning: SECURITY WARNING: The SSL modes 'prefer', 'require', and 'verify-ca' are treated as aliases for 'verify-full'.
In the next major version (pg-connection-string v3.0.0 and pg v9.0.0), these modes will adopt standard libpq semantics, which have weaker security guarantees.

To prepare for this change:
- If you want the current behavior, explicitly use 'sslmode=verify-full'
- If you want libpq compatibility now, use 'uselibpqcompat=true&sslmode=require'

See https://www.postgresql.org/docs/current/libpq-ssl.html for libpq SSL mode definitions.
(Use `node --trace-warnings ...` to show where the warning was created)
✅ Connected successfully.
📦 Exporting table "User"...
✔️ Exported 7 rows from "User".
📦 Exporting table "Tower"...
^C[12-06-2026 23:48:37.04] Starting automated database backup... 
🔄 Connecting to PostgreSQL database...
(node:16360) Warning: SECURITY WARNING: The SSL modes 'prefer', 'require', and 'verify-ca' are treated as aliases for 'verify-full'.
In the next major version (pg-connection-string v3.0.0 and pg v9.0.0), these modes will adopt standard libpq semantics, which have weaker security guarantees.

To prepare for this change:
- If you want the current behavior, explicitly use 'sslmode=verify-full'
- If you want libpq compatibility now, use 'uselibpqcompat=true&sslmode=require'

See https://www.postgresql.org/docs/current/libpq-ssl.html for libpq SSL mode definitions.
(Use `node --trace-warnings ...` to show where the warning was created)
^C[13-06-2026  2:00:01.96] Starting automated database backup... 
🔄 Connecting to PostgreSQL database...
(node:9940) Warning: SECURITY WARNING: The SSL modes 'prefer', 'require', and 'verify-ca' are treated as aliases for 'verify-full'.
In the next major version (pg-connection-string v3.0.0 and pg v9.0.0), these modes will adopt standard libpq semantics, which have weaker security guarantees.

To prepare for this change:
- If you want the current behavior, explicitly use 'sslmode=verify-full'
- If you want libpq compatibility now, use 'uselibpqcompat=true&sslmode=require'

See https://www.postgresql.org/docs/current/libpq-ssl.html for libpq SSL mode definitions.
(Use `node --trace-warnings ...` to show where the warning was created)
✅ Connected successfully.
📦 Exporting table "User"...
^C[13-06-2026 18:32:22.07] Starting automated database backup... 
🔄 Connecting to PostgreSQL database...
(node:4248) Warning: SECURITY WARNING: The SSL modes 'prefer', 'require', and 'verify-ca' are treated as aliases for 'verify-full'.
In the next major version (pg-connection-string v3.0.0 and pg v9.0.0), these modes will adopt standard libpq semantics, which have weaker security guarantees.

To prepare for this change:
- If you want the current behavior, explicitly use 'sslmode=verify-full'
- If you want libpq compatibility now, use 'uselibpqcompat=true&sslmode=require'

See https://www.postgresql.org/docs/current/libpq-ssl.html for libpq SSL mode definitions.
(Use `node --trace-warnings ...` to show where the warning was created)
^C[14-06-2026 21:27:48.61] Starting automated database backup... 
🔄 Connecting to PostgreSQL database...
(node:21052) Warning: SECURITY WARNING: The SSL modes 'prefer', 'require', and 'verify-ca' are treated as aliases for 'verify-full'.
In the next major version (pg-connection-string v3.0.0 and pg v9.0.0), these modes will adopt standard libpq semantics, which have weaker security guarantees.

To prepare for this change:
- If you want the current behavior, explicitly use 'sslmode=verify-full'
- If you want libpq compatibility now, use 'uselibpqcompat=true&sslmode=require'

See https://www.postgresql.org/docs/current/libpq-ssl.html for libpq SSL mode definitions.
(Use `node --trace-warnings ...` to show where the warning was created)
✅ Connected successfully.
📦 Exporting table "User"...
✔️ Exported 16 rows from "User".
📦 Exporting table "Tower"...
✔️ Exported 2 rows from "Tower".
📦 Exporting table "Room"...
✔️ Exported 34 rows from "Room".
📦 Exporting table "Tenant"...
✔️ Exported 14 rows from "Tenant".
📦 Exporting table "RentRecord"...
✔️ Exported 1 rows from "RentRecord".
📦 Exporting table "Payment"...
✔️ Exported 1 rows from "Payment".
📦 Exporting table "MaintenanceRequest"...
✔️ Exported 0 rows from "MaintenanceRequest".
📦 Exporting table "Notification"...
✔️ Exported 48 rows from "Notification".
📦 Exporting table "Document"...
✔️ Exported 0 rows from "Document".
📦 Exporting table "ActivityLog"...
✔️ Exported 44 rows from "ActivityLog".
📦 Exporting table "OtpCode"...
✔️ Exported 24 rows from "OtpCode".
📦 Exporting table "WhatsappQueue"...
✔️ Exported 49 rows from "WhatsappQueue".
📦 Exporting table "PushSubscription"...
✔️ Exported 5 rows from "PushSubscription".

==================================================
🎉 DATABASE BACKUP COMPLETED SUCCESSFULLY!
📂 Saved to: C:\Users\prash\.gemini\antigravity\scratch\atul-residency\backups\backup-2026-06-14T15-58-10-266Z.json
==================================================

✉️ Syncing backup file to cloud inbox: sending to atultiwari123321@gmail.com...
📧 Database backup successfully emailed to atultiwari123321@gmail.com!
🗑️ Cleaning up 1 old backup(s)...
  Deleted: backup-2026-06-05T09-56-53-184Z.json
✅ Kept 30 most recent backups.
[14-06-2026 21:28:17.72] Backup finished. 
 
[15-06-2026 12:51:33.93] Starting automated database backup... 
🔄 Connecting to PostgreSQL database...
(node:9896) Warning: SECURITY WARNING: The SSL modes 'prefer', 'require', and 'verify-ca' are treated as aliases for 'verify-full'.
In the next major version (pg-connection-string v3.0.0 and pg v9.0.0), these modes will adopt standard libpq semantics, which have weaker security guarantees.

To prepare for this change:
- If you want the current behavior, explicitly use 'sslmode=verify-full'
- If you want libpq compatibility now, use 'uselibpqcompat=true&sslmode=require'

See https://www.postgresql.org/docs/current/libpq-ssl.html for libpq SSL mode definitions.
(Use `node --trace-warnings ...` to show where the warning was created)
[15-06-2026 14:00:02.76] Starting automated database backup... 
🔄 Connecting to PostgreSQL database...
(node:5112) Warning: SECURITY WARNING: The SSL modes 'prefer', 'require', and 'verify-ca' are treated as aliases for 'verify-full'.
In the next major version (pg-connection-string v3.0.0 and pg v9.0.0), these modes will adopt standard libpq semantics, which have weaker security guarantees.

To prepare for this change:
- If you want the current behavior, explicitly use 'sslmode=verify-full'
- If you want libpq compatibility now, use 'uselibpqcompat=true&sslmode=require'

See https://www.postgresql.org/docs/current/libpq-ssl.html for libpq SSL mode definitions.
(Use `node --trace-warnings ...` to show where the warning was created)
^C[16-06-2026 19:37:03.84] Starting automated database backup... 
🔄 Connecting to PostgreSQL database...
(node:2136) Warning: SECURITY WARNING: The SSL modes 'prefer', 'require', and 'verify-ca' are treated as aliases for 'verify-full'.
In the next major version (pg-connection-string v3.0.0 and pg v9.0.0), these modes will adopt standard libpq semantics, which have weaker security guarantees.

To prepare for this change:
- If you want the current behavior, explicitly use 'sslmode=verify-full'
- If you want libpq compatibility now, use 'uselibpqcompat=true&sslmode=require'

See https://www.postgresql.org/docs/current/libpq-ssl.html for libpq SSL mode definitions.
(Use `node --trace-warnings ...` to show where the warning was created)
^C[17-06-2026  2:00:02.49] Starting automated database backup... 
🔄 Connecting to PostgreSQL database...
(node:18972) Warning: SECURITY WARNING: The SSL modes 'prefer', 'require', and 'verify-ca' are treated as aliases for 'verify-full'.
In the next major version (pg-connection-string v3.0.0 and pg v9.0.0), these modes will adopt standard libpq semantics, which have weaker security guarantees.

To prepare for this change:
- If you want the current behavior, explicitly use 'sslmode=verify-full'
- If you want libpq compatibility now, use 'uselibpqcompat=true&sslmode=require'

See https://www.postgresql.org/docs/current/libpq-ssl.html for libpq SSL mode definitions.
(Use `node --trace-warnings ...` to show where the warning was created)
✅ Connected successfully.
📦 Exporting table "User"...
✔️ Exported 16 rows from "User".
📦 Exporting table "Tower"...
^C[17-06-2026 14:58:44.85] Starting automated database backup... 
🔄 Connecting to PostgreSQL database...
(node:10248) Warning: SECURITY WARNING: The SSL modes 'prefer', 'require', and 'verify-ca' are treated as aliases for 'verify-full'.
In the next major version (pg-connection-string v3.0.0 and pg v9.0.0), these modes will adopt standard libpq semantics, which have weaker security guarantees.

To prepare for this change:
- If you want the current behavior, explicitly use 'sslmode=verify-full'
- If you want libpq compatibility now, use 'uselibpqcompat=true&sslmode=require'

See https://www.postgresql.org/docs/current/libpq-ssl.html for libpq SSL mode definitions.
(Use `node --trace-warnings ...` to show where the warning was created)
node:internal/process/promises:332
    triggerUncaughtException(err, true /* fromPromise */);
    ^

Error: getaddrinfo ENOTFOUND ep-billowing-star-ajgbsm9e-pooler.c-3.us-east-2.aws.neon.tech
    at GetAddrInfoReqWrap.onlookupall [as oncomplete] (node:dns:121:26) {
  errno: -3008,
  code: 'ENOTFOUND',
  syscall: 'getaddrinfo',
  hostname: 'ep-billowing-star-ajgbsm9e-pooler.c-3.us-east-2.aws.neon.tech'
}

Node.js v25.6.1
[17-06-2026 14:58:44.98] Backup finished. 
 
[18-06-2026  2:00:02.26] Starting automated database backup... 
🔄 Connecting to PostgreSQL database...
(node:1156) Warning: SECURITY WARNING: The SSL modes 'prefer', 'require', and 'verify-ca' are treated as aliases for 'verify-full'.
In the next major version (pg-connection-string v3.0.0 and pg v9.0.0), these modes will adopt standard libpq semantics, which have weaker security guarantees.

To prepare for this change:
- If you want the current behavior, explicitly use 'sslmode=verify-full'
- If you want libpq compatibility now, use 'uselibpqcompat=true&sslmode=require'

See https://www.postgresql.org/docs/current/libpq-ssl.html for libpq SSL mode definitions.
(Use `node --trace-warnings ...` to show where the warning was created)
^C[18-06-2026 23:26:15.37] Starting automated database backup... 
🔄 Connecting to PostgreSQL database...
(node:21088) Warning: SECURITY WARNING: The SSL modes 'prefer', 'require', and 'verify-ca' are treated as aliases for 'verify-full'.
In the next major version (pg-connection-string v3.0.0 and pg v9.0.0), these modes will adopt standard libpq semantics, which have weaker security guarantees.

To prepare for this change:
- If you want the current behavior, explicitly use 'sslmode=verify-full'
- If you want libpq compatibility now, use 'uselibpqcompat=true&sslmode=require'

See https://www.postgresql.org/docs/current/libpq-ssl.html for libpq SSL mode definitions.
(Use `node --trace-warnings ...` to show where the warning was created)
✅ Connected successfully.
📦 Exporting table "User"...
✔️ Exported 16 rows from "User".
📦 Exporting table "Tower"...
✔️ Exported 2 rows from "Tower".
📦 Exporting table "Room"...
✔️ Exported 34 rows from "Room".
📦 Exporting table "Tenant"...
✔️ Exported 14 rows from "Tenant".
📦 Exporting table "RentRecord"...
✔️ Exported 1 rows from "RentRecord".
📦 Exporting table "Payment"...
✔️ Exported 1 rows from "Payment".
📦 Exporting table "MaintenanceRequest"...
✔️ Exported 0 rows from "MaintenanceRequest".
📦 Exporting table "Notification"...
✔️ Exported 48 rows from "Notification".
📦 Exporting table "Document"...
✔️ Exported 0 rows from "Document".
📦 Exporting table "ActivityLog"...
✔️ Exported 44 rows from "ActivityLog".
📦 Exporting table "OtpCode"...
✔️ Exported 24 rows from "OtpCode".
📦 Exporting table "WhatsappQueue"...
✔️ Exported 49 rows from "WhatsappQueue".
📦 Exporting table "PushSubscription"...
✔️ Exported 5 rows from "PushSubscription".

==================================================
🎉 DATABASE BACKUP COMPLETED SUCCESSFULLY!
📂 Saved to: C:\Users\prash\.gemini\antigravity\scratch\atul-residency\backups\backup-2026-06-18T17-56-30-603Z.json
==================================================

✉️ Syncing backup file to cloud inbox: sending to atultiwari123321@gmail.com...
📧 Database backup successfully emailed to atultiwari123321@gmail.com!
🗑️ Cleaning up 1 old backup(s)...
  Deleted: backup-2026-06-07T17-38-58-326Z.json
✅ Kept 30 most recent backups.
[18-06-2026 23:26:37.58] Backup finished. 
 
[19-06-2026  2:00:02.48] Starting automated database backup... 
🔄 Connecting to PostgreSQL database...
(node:1968) Warning: SECURITY WARNING: The SSL modes 'prefer', 'require', and 'verify-ca' are treated as aliases for 'verify-full'.
In the next major version (pg-connection-string v3.0.0 and pg v9.0.0), these modes will adopt standard libpq semantics, which have weaker security guarantees.

To prepare for this change:
- If you want the current behavior, explicitly use 'sslmode=verify-full'
- If you want libpq compatibility now, use 'uselibpqcompat=true&sslmode=require'

See https://www.postgresql.org/docs/current/libpq-ssl.html for libpq SSL mode definitions.
(Use `node --trace-warnings ...` to show where the warning was created)
✅ Connected successfully.
📦 Exporting table "User"...
^C[19-06-2026 16:26:20.06] Starting automated database backup... 
🔄 Connecting to PostgreSQL database...
(node:14192) Warning: SECURITY WARNING: The SSL modes 'prefer', 'require', and 'verify-ca' are treated as aliases for 'verify-full'.
In the next major version (pg-connection-string v3.0.0 and pg v9.0.0), these modes will adopt standard libpq semantics, which have weaker security guarantees.

To prepare for this change:
- If you want the current behavior, explicitly use 'sslmode=verify-full'
- If you want libpq compatibility now, use 'uselibpqcompat=true&sslmode=require'

See https://www.postgresql.org/docs/current/libpq-ssl.html for libpq SSL mode definitions.
(Use `node --trace-warnings ...` to show where the warning was created)
^C[20-06-2026  2:00:02.04] Starting automated database backup... 
🔄 Connecting to PostgreSQL database...
(node:2148) Warning: SECURITY WARNING: The SSL modes 'prefer', 'require', and 'verify-ca' are treated as aliases for 'verify-full'.
In the next major version (pg-connection-string v3.0.0 and pg v9.0.0), these modes will adopt standard libpq semantics, which have weaker security guarantees.

To prepare for this change:
- If you want the current behavior, explicitly use 'sslmode=verify-full'
- If you want libpq compatibility now, use 'uselibpqcompat=true&sslmode=require'

See https://www.postgresql.org/docs/current/libpq-ssl.html for libpq SSL mode definitions.
(Use `node --trace-warnings ...` to show where the warning was created)
✅ Connected successfully.
📦 Exporting table "User"...
✔️ Exported 16 rows from "User".
📦 Exporting table "Tower"...
✔️ Exported 2 rows from "Tower".
📦 Exporting table "Room"...
✔️ Exported 34 rows from "Room".
📦 Exporting table "Tenant"...
✔️ Exported 14 rows from "Tenant".
📦 Exporting table "RentRecord"...
✔️ Exported 1 rows from "RentRecord".
📦 Exporting table "Payment"...
✔️ Exported 1 rows from "Payment".
📦 Exporting table "MaintenanceRequest"...
✔️ Exported 0 rows from "MaintenanceRequest".
📦 Exporting table "Notification"...
✔️ Exported 48 rows from "Notification".
📦 Exporting table "Document"...
✔️ Exported 0 rows from "Document".
📦 Exporting table "ActivityLog"...
✔️ Exported 44 rows from "ActivityLog".
📦 Exporting table "OtpCode"...
✔️ Exported 24 rows from "OtpCode".
📦 Exporting table "WhatsappQueue"...
✔️ Exported 49 rows from "WhatsappQueue".
📦 Exporting table "PushSubscription"...
✔️ Exported 5 rows from "PushSubscription".

==================================================
🎉 DATABASE BACKUP COMPLETED SUCCESSFULLY!
📂 Saved to: C:\Users\prash\.gemini\antigravity\scratch\atul-residency\backups\backup-2026-06-19T20-30-14-298Z.json
==================================================

✉️ Syncing backup file to cloud inbox: sending to atultiwari123321@gmail.com...
📧 Database backup successfully emailed to atultiwari123321@gmail.com!
🗑️ Cleaning up 1 old backup(s)...
  Deleted: backup-2026-06-10T10-42-05-157Z.json
✅ Kept 30 most recent backups.
[20-06-2026  2:00:23.24] Backup finished. 
 
[20-06-2026 16:16:41.98] Starting automated database backup... 
🔄 Connecting to PostgreSQL database...
(node:19180) Warning: SECURITY WARNING: The SSL modes 'prefer', 'require', and 'verify-ca' are treated as aliases for 'verify-full'.
In the next major version (pg-connection-string v3.0.0 and pg v9.0.0), these modes will adopt standard libpq semantics, which have weaker security guarantees.

To prepare for this change:
- If you want the current behavior, explicitly use 'sslmode=verify-full'
- If you want libpq compatibility now, use 'uselibpqcompat=true&sslmode=require'

See https://www.postgresql.org/docs/current/libpq-ssl.html for libpq SSL mode definitions.
(Use `node --trace-warnings ...` to show where the warning was created)
✅ Connected successfully.
📦 Exporting table "User"...
✔️ Exported 16 rows from "User".
📦 Exporting table "Tower"...
✔️ Exported 2 rows from "Tower".
📦 Exporting table "Room"...
✔️ Exported 34 rows from "Room".
📦 Exporting table "Tenant"...
✔️ Exported 14 rows from "Tenant".
📦 Exporting table "RentRecord"...
✔️ Exported 1 rows from "RentRecord".
📦 Exporting table "Payment"...
✔️ Exported 1 rows from "Payment".
📦 Exporting table "MaintenanceRequest"...
✔️ Exported 0 rows from "MaintenanceRequest".
📦 Exporting table "Notification"...
✔️ Exported 48 rows from "Notification".
📦 Exporting table "Document"...
✔️ Exported 0 rows from "Document".
📦 Exporting table "ActivityLog"...
✔️ Exported 44 rows from "ActivityLog".
📦 Exporting table "OtpCode"...
✔️ Exported 24 rows from "OtpCode".
📦 Exporting table "WhatsappQueue"...
✔️ Exported 49 rows from "WhatsappQueue".
📦 Exporting table "PushSubscription"...
✔️ Exported 5 rows from "PushSubscription".

==================================================
🎉 DATABASE BACKUP COMPLETED SUCCESSFULLY!
📂 Saved to: C:\Users\prash\.gemini\antigravity\scratch\atul-residency\backups\backup-2026-06-20T10-47-00-791Z.json
==================================================

✉️ Syncing backup file to cloud inbox: sending to atultiwari123321@gmail.com...
📧 Database backup successfully emailed to atultiwari123321@gmail.com!
🗑️ Cleaning up 1 old backup(s)...
  Deleted: backup-2026-06-12T06-04-06-909Z.json
✅ Kept 30 most recent backups.
[20-06-2026 16:17:07.95] Backup finished. 
 
[21-06-2026  2:00:02.14] Starting automated database backup... 
🔄 Connecting to PostgreSQL database...
(node:26496) Warning: SECURITY WARNING: The SSL modes 'prefer', 'require', and 'verify-ca' are treated as aliases for 'verify-full'.
In the next major version (pg-connection-string v3.0.0 and pg v9.0.0), these modes will adopt standard libpq semantics, which have weaker security guarantees.

To prepare for this change:
- If you want the current behavior, explicitly use 'sslmode=verify-full'
- If you want libpq compatibility now, use 'uselibpqcompat=true&sslmode=require'

See https://www.postgresql.org/docs/current/libpq-ssl.html for libpq SSL mode definitions.
(Use `node --trace-warnings ...` to show where the warning was created)
✅ Connected successfully.
📦 Exporting table "User"...
^C[21-06-2026 16:52:03.56] Starting automated database backup... 
🔄 Connecting to PostgreSQL database...
(node:12168) Warning: SECURITY WARNING: The SSL modes 'prefer', 'require', and 'verify-ca' are treated as aliases for 'verify-full'.
In the next major version (pg-connection-string v3.0.0 and pg v9.0.0), these modes will adopt standard libpq semantics, which have weaker security guarantees.

To prepare for this change:
- If you want the current behavior, explicitly use 'sslmode=verify-full'
- If you want libpq compatibility now, use 'uselibpqcompat=true&sslmode=require'

See https://www.postgresql.org/docs/current/libpq-ssl.html for libpq SSL mode definitions.
(Use `node --trace-warnings ...` to show where the warning was created)
node:internal/process/promises:332
    triggerUncaughtException(err, true /* fromPromise */);
    ^

Error: getaddrinfo ENOTFOUND ep-billowing-star-ajgbsm9e-pooler.c-3.us-east-2.aws.neon.tech
    at GetAddrInfoReqWrap.onlookupall [as oncomplete] (node:dns:121:26) {
  errno: -3008,
  code: 'ENOTFOUND',
  syscall: 'getaddrinfo',
  hostname: 'ep-billowing-star-ajgbsm9e-pooler.c-3.us-east-2.aws.neon.tech'
}

Node.js v25.6.1
[21-06-2026 16:52:03.77] Backup finished. 
 
[22-06-2026  2:00:01.72] Starting automated database backup... 
🔄 Connecting to PostgreSQL database...
(node:17764) Warning: SECURITY WARNING: The SSL modes 'prefer', 'require', and 'verify-ca' are treated as aliases for 'verify-full'.
In the next major version (pg-connection-string v3.0.0 and pg v9.0.0), these modes will adopt standard libpq semantics, which have weaker security guarantees.

To prepare for this change:
- If you want the current behavior, explicitly use 'sslmode=verify-full'
- If you want libpq compatibility now, use 'uselibpqcompat=true&sslmode=require'

See https://www.postgresql.org/docs/current/libpq-ssl.html for libpq SSL mode definitions.
(Use `node --trace-warnings ...` to show where the warning was created)
✅ Connected successfully.
📦 Exporting table "User"...
^C[22-06-2026 16:32:15.76] Starting automated database backup... 
🔄 Connecting to PostgreSQL database...
(node:20340) Warning: SECURITY WARNING: The SSL modes 'prefer', 'require', and 'verify-ca' are treated as aliases for 'verify-full'.
In the next major version (pg-connection-string v3.0.0 and pg v9.0.0), these modes will adopt standard libpq semantics, which have weaker security guarantees.

To prepare for this change:
- If you want the current behavior, explicitly use 'sslmode=verify-full'
- If you want libpq compatibility now, use 'uselibpqcompat=true&sslmode=require'

See https://www.postgresql.org/docs/current/libpq-ssl.html for libpq SSL mode definitions.
(Use `node --trace-warnings ...` to show where the warning was created)
✅ Connected successfully.
📦 Exporting table "User"...
✔️ Exported 16 rows from "User".
📦 Exporting table "Tower"...
✔️ Exported 2 rows from "Tower".
📦 Exporting table "Room"...
✔️ Exported 34 rows from "Room".
📦 Exporting table "Tenant"...
^C[23-06-2026  2:00:01.26] Starting automated database backup... 
🔄 Connecting to PostgreSQL database...
(node:20624) Warning: SECURITY WARNING: The SSL modes 'prefer', 'require', and 'verify-ca' are treated as aliases for 'verify-full'.
In the next major version (pg-connection-string v3.0.0 and pg v9.0.0), these modes will adopt standard libpq semantics, which have weaker security guarantees.

To prepare for this change:
- If you want the current behavior, explicitly use 'sslmode=verify-full'
- If you want libpq compatibility now, use 'uselibpqcompat=true&sslmode=require'

See https://www.postgresql.org/docs/current/libpq-ssl.html for libpq SSL mode definitions.
(Use `node --trace-warnings ...` to show where the warning was created)
^C[23-06-2026 17:40:29.09] Starting automated database backup... 
🔄 Connecting to PostgreSQL database...
(node:3260) Warning: SECURITY WARNING: The SSL modes 'prefer', 'require', and 'verify-ca' are treated as aliases for 'verify-full'.
In the next major version (pg-connection-string v3.0.0 and pg v9.0.0), these modes will adopt standard libpq semantics, which have weaker security guarantees.

To prepare for this change:
- If you want the current behavior, explicitly use 'sslmode=verify-full'
- If you want libpq compatibility now, use 'uselibpqcompat=true&sslmode=require'

See https://www.postgresql.org/docs/current/libpq-ssl.html for libpq SSL mode definitions.
(Use `node --trace-warnings ...` to show where the warning was created)
✅ Connected successfully.
📦 Exporting table "User"...
✔️ Exported 16 rows from "User".
📦 Exporting table "Tower"...
✔️ Exported 2 rows from "Tower".
📦 Exporting table "Room"...
✔️ Exported 34 rows from "Room".
📦 Exporting table "Tenant"...
✔️ Exported 14 rows from "Tenant".
📦 Exporting table "RentRecord"...
✔️ Exported 1 rows from "RentRecord".
📦 Exporting table "Payment"...
✔️ Exported 1 rows from "Payment".
📦 Exporting table "MaintenanceRequest"...
✔️ Exported 0 rows from "MaintenanceRequest".
📦 Exporting table "Notification"...
✔️ Exported 48 rows from "Notification".
📦 Exporting table "Document"...
✔️ Exported 0 rows from "Document".
📦 Exporting table "ActivityLog"...
✔️ Exported 52 rows from "ActivityLog".
📦 Exporting table "OtpCode"...
✔️ Exported 24 rows from "OtpCode".
📦 Exporting table "WhatsappQueue"...
✔️ Exported 49 rows from "WhatsappQueue".
📦 Exporting table "PushSubscription"...
✔️ Exported 5 rows from "PushSubscription".

==================================================
🎉 DATABASE BACKUP COMPLETED SUCCESSFULLY!
📂 Saved to: C:\Users\prash\.gemini\antigravity\scratch\atul-residency\backups\backup-2026-06-23T12-10-44-352Z.json
==================================================

✉️ Syncing backup file to cloud inbox: sending to atultiwari123321@gmail.com...
📧 Database backup successfully emailed to atultiwari123321@gmail.com!
🗑️ Cleaning up 1 old backup(s)...
  Deleted: backup-2026-06-12T08-00-46-492Z.json
✅ Kept 30 most recent backups.
[23-06-2026 17:40:51.79] Backup finished. 
 
[24-06-2026  2:32:26.68] Starting automated database backup... 
🔄 Connecting to PostgreSQL database...
(node:23436) Warning: SECURITY WARNING: The SSL modes 'prefer', 'require', and 'verify-ca' are treated as aliases for 'verify-full'.
In the next major version (pg-connection-string v3.0.0 and pg v9.0.0), these modes will adopt standard libpq semantics, which have weaker security guarantees.

To prepare for this change:
- If you want the current behavior, explicitly use 'sslmode=verify-full'
- If you want libpq compatibility now, use 'uselibpqcompat=true&sslmode=require'

See https://www.postgresql.org/docs/current/libpq-ssl.html for libpq SSL mode definitions.
(Use `node --trace-warnings ...` to show where the warning was created)
✅ Connected successfully.
📦 Exporting table "User"...
✔️ Exported 16 rows from "User".
📦 Exporting table "Tower"...
✔️ Exported 2 rows from "Tower".
📦 Exporting table "Room"...
✔️ Exported 34 rows from "Room".
📦 Exporting table "Tenant"...
✔️ Exported 14 rows from "Tenant".
📦 Exporting table "RentRecord"...
✔️ Exported 1 rows from "RentRecord".
📦 Exporting table "Payment"...
✔️ Exported 1 rows from "Payment".
📦 Exporting table "MaintenanceRequest"...
✔️ Exported 0 rows from "MaintenanceRequest".
📦 Exporting table "Notification"...
✔️ Exported 48 rows from "Notification".
📦 Exporting table "Document"...
✔️ Exported 0 rows from "Document".
📦 Exporting table "ActivityLog"...
✔️ Exported 52 rows from "ActivityLog".
📦 Exporting table "OtpCode"...
✔️ Exported 24 rows from "OtpCode".
📦 Exporting table "WhatsappQueue"...
✔️ Exported 49 rows from "WhatsappQueue".
📦 Exporting table "PushSubscription"...
✔️ Exported 5 rows from "PushSubscription".

==================================================
🎉 DATABASE BACKUP COMPLETED SUCCESSFULLY!
📂 Saved to: C:\Users\prash\.gemini\antigravity\scratch\atul-residency\backups\backup-2026-06-23T21-02-43-988Z.json
==================================================

✉️ Syncing backup file to cloud inbox: sending to atultiwari123321@gmail.com...
📧 Database backup successfully emailed to atultiwari123321@gmail.com!
🗑️ Cleaning up 1 old backup(s)...
  Deleted: backup-2026-06-12T08-02-56-528Z.json
✅ Kept 30 most recent backups.
[24-06-2026  2:32:55.41] Backup finished. 
 
[24-06-2026 19:34:15.71] Starting automated database backup... 
🔄 Connecting to PostgreSQL database...
(node:16356) Warning: SECURITY WARNING: The SSL modes 'prefer', 'require', and 'verify-ca' are treated as aliases for 'verify-full'.
In the next major version (pg-connection-string v3.0.0 and pg v9.0.0), these modes will adopt standard libpq semantics, which have weaker security guarantees.

To prepare for this change:
- If you want the current behavior, explicitly use 'sslmode=verify-full'
- If you want libpq compatibility now, use 'uselibpqcompat=true&sslmode=require'

See https://www.postgresql.org/docs/current/libpq-ssl.html for libpq SSL mode definitions.
(Use `node --trace-warnings ...` to show where the warning was created)
✅ Connected successfully.
📦 Exporting table "User"...
✔️ Exported 16 rows from "User".
📦 Exporting table "Tower"...
✔️ Exported 2 rows from "Tower".
📦 Exporting table "Room"...
✔️ Exported 34 rows from "Room".
📦 Exporting table "Tenant"...
✔️ Exported 14 rows from "Tenant".
📦 Exporting table "RentRecord"...
✔️ Exported 1 rows from "RentRecord".
📦 Exporting table "Payment"...
✔️ Exported 1 rows from "Payment".
📦 Exporting table "MaintenanceRequest"...
✔️ Exported 0 rows from "MaintenanceRequest".
📦 Exporting table "Notification"...
✔️ Exported 48 rows from "Notification".
📦 Exporting table "Document"...
✔️ Exported 0 rows from "Document".
📦 Exporting table "ActivityLog"...
✔️ Exported 60 rows from "ActivityLog".
📦 Exporting table "OtpCode"...
✔️ Exported 24 rows from "OtpCode".
📦 Exporting table "WhatsappQueue"...
✔️ Exported 49 rows from "WhatsappQueue".
📦 Exporting table "PushSubscription"...
✔️ Exported 5 rows from "PushSubscription".

==================================================
🎉 DATABASE BACKUP COMPLETED SUCCESSFULLY!
📂 Saved to: C:\Users\prash\.gemini\antigravity\scratch\atul-residency\backups\backup-2026-06-24T14-04-34-348Z.json
==================================================

✉️ Syncing backup file to cloud inbox: sending to atultiwari123321@gmail.com...
📧 Database backup successfully emailed to atultiwari123321@gmail.com!
🗑️ Cleaning up 1 old backup(s)...
  Deleted: backup-2026-06-13T13-48-19-447Z.json
✅ Kept 30 most recent backups.
[24-06-2026 19:34:43.80] Backup finished. 
 
[25-06-2026  9:13:17.73] Starting automated database backup... 
🔄 Connecting to PostgreSQL database...
(node:5712) Warning: SECURITY WARNING: The SSL modes 'prefer', 'require', and 'verify-ca' are treated as aliases for 'verify-full'.
In the next major version (pg-connection-string v3.0.0 and pg v9.0.0), these modes will adopt standard libpq semantics, which have weaker security guarantees.

To prepare for this change:
- If you want the current behavior, explicitly use 'sslmode=verify-full'
- If you want libpq compatibility now, use 'uselibpqcompat=true&sslmode=require'

See https://www.postgresql.org/docs/current/libpq-ssl.html for libpq SSL mode definitions.
(Use `node --trace-warnings ...` to show where the warning was created)
✅ Connected successfully.
📦 Exporting table "User"...
✔️ Exported 16 rows from "User".
📦 Exporting table "Tower"...
✔️ Exported 2 rows from "Tower".
📦 Exporting table "Room"...
✔️ Exported 34 rows from "Room".
📦 Exporting table "Tenant"...
✔️ Exported 14 rows from "Tenant".
📦 Exporting table "RentRecord"...
✔️ Exported 1 rows from "RentRecord".
📦 Exporting table "Payment"...
✔️ Exported 1 rows from "Payment".
📦 Exporting table "MaintenanceRequest"...
✔️ Exported 0 rows from "MaintenanceRequest".
📦 Exporting table "Notification"...
✔️ Exported 48 rows from "Notification".
📦 Exporting table "Document"...
✔️ Exported 0 rows from "Document".
📦 Exporting table "ActivityLog"...
✔️ Exported 60 rows from "ActivityLog".
📦 Exporting table "OtpCode"...
✔️ Exported 24 rows from "OtpCode".
📦 Exporting table "WhatsappQueue"...
✔️ Exported 49 rows from "WhatsappQueue".
📦 Exporting table "PushSubscription"...
✔️ Exported 5 rows from "PushSubscription".

==================================================
🎉 DATABASE BACKUP COMPLETED SUCCESSFULLY!
📂 Saved to: C:\Users\prash\.gemini\antigravity\scratch\atul-residency\backups\backup-2026-06-25T03-43-33-111Z.json
==================================================

✉️ Syncing backup file to cloud inbox: sending to atultiwari123321@gmail.com...
📧 Database backup successfully emailed to atultiwari123321@gmail.com!
🗑️ Cleaning up 1 old backup(s)...
  Deleted: backup-2026-06-13T13-49-34-767Z.json
✅ Kept 30 most recent backups.
[25-06-2026  9:13:41.97] Backup finished. 
 
[25-06-2026 18:20:02.00] Starting automated database backup... 
🔄 Connecting to PostgreSQL database...
(node:19808) Warning: SECURITY WARNING: The SSL modes 'prefer', 'require', and 'verify-ca' are treated as aliases for 'verify-full'.
In the next major version (pg-connection-string v3.0.0 and pg v9.0.0), these modes will adopt standard libpq semantics, which have weaker security guarantees.

To prepare for this change:
- If you want the current behavior, explicitly use 'sslmode=verify-full'
- If you want libpq compatibility now, use 'uselibpqcompat=true&sslmode=require'

See https://www.postgresql.org/docs/current/libpq-ssl.html for libpq SSL mode definitions.
(Use `node --trace-warnings ...` to show where the warning was created)
✅ Connected successfully.
📦 Exporting table "User"...
✔️ Exported 16 rows from "User".
📦 Exporting table "Tower"...
✔️ Exported 2 rows from "Tower".
📦 Exporting table "Room"...
✔️ Exported 34 rows from "Room".
📦 Exporting table "Tenant"...
✔️ Exported 14 rows from "Tenant".
📦 Exporting table "RentRecord"...
✔️ Exported 1 rows from "RentRecord".
📦 Exporting table "Payment"...
✔️ Exported 1 rows from "Payment".
📦 Exporting table "MaintenanceRequest"...
✔️ Exported 0 rows from "MaintenanceRequest".
📦 Exporting table "Notification"...
✔️ Exported 48 rows from "Notification".
📦 Exporting table "Document"...
✔️ Exported 0 rows from "Document".
📦 Exporting table "ActivityLog"...
✔️ Exported 63 rows from "ActivityLog".
📦 Exporting table "OtpCode"...
✔️ Exported 24 rows from "OtpCode".
📦 Exporting table "WhatsappQueue"...
✔️ Exported 49 rows from "WhatsappQueue".
📦 Exporting table "PushSubscription"...
✔️ Exported 6 rows from "PushSubscription".

==================================================
🎉 DATABASE BACKUP COMPLETED SUCCESSFULLY!
📂 Saved to: C:\Users\prash\.gemini\antigravity\scratch\atul-residency\backups\backup-2026-06-25T12-50-16-171Z.json
==================================================

✉️ Syncing backup file to cloud inbox: sending to atultiwari123321@gmail.com...
📧 Database backup successfully emailed to atultiwari123321@gmail.com!
🗑️ Cleaning up 1 old backup(s)...
  Deleted: backup-2026-06-14T15-58-10-266Z.json
✅ Kept 30 most recent backups.
[25-06-2026 18:20:23.58] Backup finished. 
 
[26-06-2026  2:00:01.81] Starting automated database backup... 
🔄 Connecting to PostgreSQL database...
(node:20020) Warning: SECURITY WARNING: The SSL modes 'prefer', 'require', and 'verify-ca' are treated as aliases for 'verify-full'.
In the next major version (pg-connection-string v3.0.0 and pg v9.0.0), these modes will adopt standard libpq semantics, which have weaker security guarantees.

To prepare for this change:
- If you want the current behavior, explicitly use 'sslmode=verify-full'
- If you want libpq compatibility now, use 'uselibpqcompat=true&sslmode=require'

See https://www.postgresql.org/docs/current/libpq-ssl.html for libpq SSL mode definitions.
(Use `node --trace-warnings ...` to show where the warning was created)
✅ Connected successfully.
📦 Exporting table "User"...
✔️ Exported 16 rows from "User".
📦 Exporting table "Tower"...
✔️ Exported 2 rows from "Tower".
📦 Exporting table "Room"...
✔️ Exported 34 rows from "Room".
📦 Exporting table "Tenant"...
✔️ Exported 14 rows from "Tenant".
📦 Exporting table "RentRecord"...
✔️ Exported 1 rows from "RentRecord".
📦 Exporting table "Payment"...
✔️ Exported 1 rows from "Payment".
📦 Exporting table "MaintenanceRequest"...
✔️ Exported 0 rows from "MaintenanceRequest".
📦 Exporting table "Notification"...
✔️ Exported 48 rows from "Notification".
📦 Exporting table "Document"...
✔️ Exported 0 rows from "Document".
📦 Exporting table "ActivityLog"...
✔️ Exported 63 rows from "ActivityLog".
📦 Exporting table "OtpCode"...
✔️ Exported 24 rows from "OtpCode".
📦 Exporting table "WhatsappQueue"...
✔️ Exported 49 rows from "WhatsappQueue".
📦 Exporting table "PushSubscription"...
✔️ Exported 6 rows from "PushSubscription".

==================================================
🎉 DATABASE BACKUP COMPLETED SUCCESSFULLY!
📂 Saved to: C:\Users\prash\.gemini\antigravity\scratch\atul-residency\backups\backup-2026-06-25T20-30-17-364Z.json
==================================================

✉️ Syncing backup file to cloud inbox: sending to atultiwari123321@gmail.com...
📧 Database backup successfully emailed to atultiwari123321@gmail.com!
🗑️ Cleaning up 1 old backup(s)...
  Deleted: backup-2026-06-15T07-15-55-696Z.json
✅ Kept 30 most recent backups.
[26-06-2026  2:00:23.99] Backup finished. 
 
[26-06-2026 22:36:50.59] Starting automated database backup... 
🔄 Connecting to PostgreSQL database...
(node:14100) Warning: SECURITY WARNING: The SSL modes 'prefer', 'require', and 'verify-ca' are treated as aliases for 'verify-full'.
In the next major version (pg-connection-string v3.0.0 and pg v9.0.0), these modes will adopt standard libpq semantics, which have weaker security guarantees.

To prepare for this change:
- If you want the current behavior, explicitly use 'sslmode=verify-full'
- If you want libpq compatibility now, use 'uselibpqcompat=true&sslmode=require'

See https://www.postgresql.org/docs/current/libpq-ssl.html for libpq SSL mode definitions.
(Use `node --trace-warnings ...` to show where the warning was created)
✅ Connected successfully.
📦 Exporting table "User"...
✔️ Exported 16 rows from "User".
📦 Exporting table "Tower"...
✔️ Exported 2 rows from "Tower".
📦 Exporting table "Room"...
✔️ Exported 34 rows from "Room".
📦 Exporting table "Tenant"...
✔️ Exported 14 rows from "Tenant".
📦 Exporting table "RentRecord"...
✔️ Exported 1 rows from "RentRecord".
📦 Exporting table "Payment"...
✔️ Exported 1 rows from "Payment".
📦 Exporting table "MaintenanceRequest"...
✔️ Exported 0 rows from "MaintenanceRequest".
📦 Exporting table "Notification"...
✔️ Exported 48 rows from "Notification".
📦 Exporting table "Document"...
✔️ Exported 0 rows from "Document".
📦 Exporting table "ActivityLog"...
✔️ Exported 67 rows from "ActivityLog".
📦 Exporting table "OtpCode"...
✔️ Exported 24 rows from "OtpCode".
📦 Exporting table "WhatsappQueue"...
✔️ Exported 49 rows from "WhatsappQueue".
📦 Exporting table "PushSubscription"...
✔️ Exported 6 rows from "PushSubscription".

==================================================
🎉 DATABASE BACKUP COMPLETED SUCCESSFULLY!
📂 Saved to: C:\Users\prash\.gemini\antigravity\scratch\atul-residency\backups\backup-2026-06-26T17-07-08-207Z.json
==================================================

✉️ Syncing backup file to cloud inbox: sending to atultiwari123321@gmail.com...
📧 Database backup successfully emailed to atultiwari123321@gmail.com!
🗑️ Cleaning up 1 old backup(s)...
  Deleted: backup-2026-06-16T14-01-13-198Z.json
✅ Kept 30 most recent backups.
[26-06-2026 22:37:16.59] Backup finished. 
 
[27-06-2026  2:00:02.16] Starting automated database backup... 
🔄 Connecting to PostgreSQL database...
(node:21244) Warning: SECURITY WARNING: The SSL modes 'prefer', 'require', and 'verify-ca' are treated as aliases for 'verify-full'.
In the next major version (pg-connection-string v3.0.0 and pg v9.0.0), these modes will adopt standard libpq semantics, which have weaker security guarantees.

To prepare for this change:
- If you want the current behavior, explicitly use 'sslmode=verify-full'
- If you want libpq compatibility now, use 'uselibpqcompat=true&sslmode=require'

See https://www.postgresql.org/docs/current/libpq-ssl.html for libpq SSL mode definitions.
(Use `node --trace-warnings ...` to show where the warning was created)
✅ Connected successfully.
📦 Exporting table "User"...
✔️ Exported 16 rows from "User".
📦 Exporting table "Tower"...
✔️ Exported 2 rows from "Tower".
📦 Exporting table "Room"...
✔️ Exported 34 rows from "Room".
📦 Exporting table "Tenant"...
✔️ Exported 14 rows from "Tenant".
📦 Exporting table "RentRecord"...
✔️ Exported 1 rows from "RentRecord".
📦 Exporting table "Payment"...
✔️ Exported 1 rows from "Payment".
📦 Exporting table "MaintenanceRequest"...
✔️ Exported 0 rows from "MaintenanceRequest".
📦 Exporting table "Notification"...
✔️ Exported 48 rows from "Notification".
📦 Exporting table "Document"...
✔️ Exported 0 rows from "Document".
📦 Exporting table "ActivityLog"...
✔️ Exported 67 rows from "ActivityLog".
📦 Exporting table "OtpCode"...
✔️ Exported 24 rows from "OtpCode".
📦 Exporting table "WhatsappQueue"...
✔️ Exported 49 rows from "WhatsappQueue".
📦 Exporting table "PushSubscription"...
✔️ Exported 6 rows from "PushSubscription".

==================================================
🎉 DATABASE BACKUP COMPLETED SUCCESSFULLY!
📂 Saved to: C:\Users\prash\.gemini\antigravity\scratch\atul-residency\backups\backup-2026-06-26T20-30-12-337Z.json
==================================================

✉️ Syncing backup file to cloud inbox: sending to atultiwari123321@gmail.com...
📧 Database backup successfully emailed to atultiwari123321@gmail.com!
🗑️ Cleaning up 1 old backup(s)...
  Deleted: backup-2026-06-18T17-54-47-041Z.json
✅ Kept 30 most recent backups.
[27-06-2026  2:00:20.16] Backup finished. 
 
[27-06-2026 14:00:01.69] Starting automated database backup... 
🔄 Connecting to PostgreSQL database...
(node:10316) Warning: SECURITY WARNING: The SSL modes 'prefer', 'require', and 'verify-ca' are treated as aliases for 'verify-full'.
In the next major version (pg-connection-string v3.0.0 and pg v9.0.0), these modes will adopt standard libpq semantics, which have weaker security guarantees.

To prepare for this change:
- If you want the current behavior, explicitly use 'sslmode=verify-full'
- If you want libpq compatibility now, use 'uselibpqcompat=true&sslmode=require'

See https://www.postgresql.org/docs/current/libpq-ssl.html for libpq SSL mode definitions.
(Use `node --trace-warnings ...` to show where the warning was created)
✅ Connected successfully.
📦 Exporting table "User"...
✔️ Exported 16 rows from "User".
📦 Exporting table "Tower"...
✔️ Exported 2 rows from "Tower".
📦 Exporting table "Room"...
✔️ Exported 34 rows from "Room".
📦 Exporting table "Tenant"...
✔️ Exported 14 rows from "Tenant".
📦 Exporting table "RentRecord"...
✔️ Exported 1 rows from "RentRecord".
📦 Exporting table "Payment"...
✔️ Exported 1 rows from "Payment".
📦 Exporting table "MaintenanceRequest"...
✔️ Exported 0 rows from "MaintenanceRequest".
📦 Exporting table "Notification"...
✔️ Exported 48 rows from "Notification".
📦 Exporting table "Document"...
✔️ Exported 0 rows from "Document".
📦 Exporting table "ActivityLog"...
✔️ Exported 67 rows from "ActivityLog".
📦 Exporting table "OtpCode"...
✔️ Exported 24 rows from "OtpCode".
📦 Exporting table "WhatsappQueue"...
✔️ Exported 49 rows from "WhatsappQueue".
📦 Exporting table "PushSubscription"...
✔️ Exported 6 rows from "PushSubscription".

==================================================
🎉 DATABASE BACKUP COMPLETED SUCCESSFULLY!
📂 Saved to: C:\Users\prash\.gemini\antigravity\scratch\atul-residency\backups\backup-2026-06-27T08-30-13-509Z.json
==================================================

✉️ Syncing backup file to cloud inbox: sending to atultiwari123321@gmail.com...
📧 Database backup successfully emailed to atultiwari123321@gmail.com!
🗑️ Cleaning up 1 old backup(s)...
  Deleted: backup-2026-06-18T17-56-30-603Z.json
✅ Kept 30 most recent backups.
[27-06-2026 14:00:20.73] Backup finished. 
 
[28-06-2026  2:00:01.72] Starting automated database backup... 
🔄 Connecting to PostgreSQL database...
(node:21204) Warning: SECURITY WARNING: The SSL modes 'prefer', 'require', and 'verify-ca' are treated as aliases for 'verify-full'.
In the next major version (pg-connection-string v3.0.0 and pg v9.0.0), these modes will adopt standard libpq semantics, which have weaker security guarantees.

To prepare for this change:
- If you want the current behavior, explicitly use 'sslmode=verify-full'
- If you want libpq compatibility now, use 'uselibpqcompat=true&sslmode=require'

See https://www.postgresql.org/docs/current/libpq-ssl.html for libpq SSL mode definitions.
(Use `node --trace-warnings ...` to show where the warning was created)
✅ Connected successfully.
📦 Exporting table "User"...
✔️ Exported 16 rows from "User".
📦 Exporting table "Tower"...
✔️ Exported 2 rows from "Tower".
📦 Exporting table "Room"...
✔️ Exported 34 rows from "Room".
📦 Exporting table "Tenant"...
✔️ Exported 14 rows from "Tenant".
📦 Exporting table "RentRecord"...
✔️ Exported 1 rows from "RentRecord".
📦 Exporting table "Payment"...
✔️ Exported 1 rows from "Payment".
📦 Exporting table "MaintenanceRequest"...
✔️ Exported 0 rows from "MaintenanceRequest".
📦 Exporting table "Notification"...
✔️ Exported 48 rows from "Notification".
📦 Exporting table "Document"...
✔️ Exported 0 rows from "Document".
📦 Exporting table "ActivityLog"...
✔️ Exported 67 rows from "ActivityLog".
📦 Exporting table "OtpCode"...
✔️ Exported 24 rows from "OtpCode".
📦 Exporting table "WhatsappQueue"...
✔️ Exported 49 rows from "WhatsappQueue".
📦 Exporting table "PushSubscription"...
✔️ Exported 6 rows from "PushSubscription".

==================================================
🎉 DATABASE BACKUP COMPLETED SUCCESSFULLY!
📂 Saved to: C:\Users\prash\.gemini\antigravity\scratch\atul-residency\backups\backup-2026-06-27T20-30-12-765Z.json
==================================================

✉️ Syncing backup file to cloud inbox: sending to atultiwari123321@gmail.com...
📧 Database backup successfully emailed to atultiwari123321@gmail.com!
🗑️ Cleaning up 1 old backup(s)...
  Deleted: backup-2026-06-19T10-50-49-388Z.json
✅ Kept 30 most recent backups.
[28-06-2026  2:00:20.50] Backup finished. 
 
[28-06-2026 18:44:46.49] Starting automated database backup... 
🔄 Connecting to PostgreSQL database...
(node:22612) Warning: SECURITY WARNING: The SSL modes 'prefer', 'require', and 'verify-ca' are treated as aliases for 'verify-full'.
In the next major version (pg-connection-string v3.0.0 and pg v9.0.0), these modes will adopt standard libpq semantics, which have weaker security guarantees.

To prepare for this change:
- If you want the current behavior, explicitly use 'sslmode=verify-full'
- If you want libpq compatibility now, use 'uselibpqcompat=true&sslmode=require'

See https://www.postgresql.org/docs/current/libpq-ssl.html for libpq SSL mode definitions.
(Use `node --trace-warnings ...` to show where the warning was created)
✅ Connected successfully.
📦 Exporting table "User"...
✔️ Exported 16 rows from "User".
📦 Exporting table "Tower"...
✔️ Exported 2 rows from "Tower".
📦 Exporting table "Room"...
✔️ Exported 34 rows from "Room".
📦 Exporting table "Tenant"...
✔️ Exported 14 rows from "Tenant".
📦 Exporting table "RentRecord"...
✔️ Exported 1 rows from "RentRecord".
📦 Exporting table "Payment"...
✔️ Exported 1 rows from "Payment".
📦 Exporting table "MaintenanceRequest"...
✔️ Exported 0 rows from "MaintenanceRequest".
📦 Exporting table "Notification"...
✔️ Exported 48 rows from "Notification".
📦 Exporting table "Document"...
✔️ Exported 0 rows from "Document".
📦 Exporting table "ActivityLog"...
✔️ Exported 67 rows from "ActivityLog".
📦 Exporting table "OtpCode"...
✔️ Exported 24 rows from "OtpCode".
📦 Exporting table "WhatsappQueue"...
✔️ Exported 49 rows from "WhatsappQueue".
📦 Exporting table "PushSubscription"...
✔️ Exported 6 rows from "PushSubscription".

==================================================
🎉 DATABASE BACKUP COMPLETED SUCCESSFULLY!
📂 Saved to: C:\Users\prash\.gemini\antigravity\scratch\atul-residency\backups\backup-2026-06-28T13-15-04-594Z.json
==================================================

✉️ Syncing backup file to cloud inbox: sending to atultiwari123321@gmail.com...
📧 Database backup successfully emailed to atultiwari123321@gmail.com!
🗑️ Cleaning up 1 old backup(s)...
  Deleted: backup-2026-06-19T20-30-14-298Z.json
✅ Kept 30 most recent backups.
[28-06-2026 18:45:11.14] Backup finished. 
 
[29-06-2026  2:00:02.12] Starting automated database backup... 
🔄 Connecting to PostgreSQL database...
(node:24564) Warning: SECURITY WARNING: The SSL modes 'prefer', 'require', and 'verify-ca' are treated as aliases for 'verify-full'.
In the next major version (pg-connection-string v3.0.0 and pg v9.0.0), these modes will adopt standard libpq semantics, which have weaker security guarantees.

To prepare for this change:
- If you want the current behavior, explicitly use 'sslmode=verify-full'
- If you want libpq compatibility now, use 'uselibpqcompat=true&sslmode=require'

See https://www.postgresql.org/docs/current/libpq-ssl.html for libpq SSL mode definitions.
(Use `node --trace-warnings ...` to show where the warning was created)
✅ Connected successfully.
📦 Exporting table "User"...
✔️ Exported 16 rows from "User".
📦 Exporting table "Tower"...
✔️ Exported 2 rows from "Tower".
📦 Exporting table "Room"...
✔️ Exported 34 rows from "Room".
📦 Exporting table "Tenant"...
✔️ Exported 14 rows from "Tenant".
📦 Exporting table "RentRecord"...
✔️ Exported 1 rows from "RentRecord".
📦 Exporting table "Payment"...
✔️ Exported 1 rows from "Payment".
📦 Exporting table "MaintenanceRequest"...
✔️ Exported 0 rows from "MaintenanceRequest".
📦 Exporting table "Notification"...
✔️ Exported 48 rows from "Notification".
📦 Exporting table "Document"...
✔️ Exported 0 rows from "Document".
📦 Exporting table "ActivityLog"...
✔️ Exported 67 rows from "ActivityLog".
📦 Exporting table "OtpCode"...
✔️ Exported 24 rows from "OtpCode".
📦 Exporting table "WhatsappQueue"...
✔️ Exported 49 rows from "WhatsappQueue".
📦 Exporting table "PushSubscription"...
✔️ Exported 6 rows from "PushSubscription".

==================================================
🎉 DATABASE BACKUP COMPLETED SUCCESSFULLY!
📂 Saved to: C:\Users\prash\.gemini\antigravity\scratch\atul-residency\backups\backup-2026-06-28T20-30-14-019Z.json
==================================================

✉️ Syncing backup file to cloud inbox: sending to atultiwari123321@gmail.com...
📧 Database backup successfully emailed to atultiwari123321@gmail.com!
🗑️ Cleaning up 1 old backup(s)...
  Deleted: backup-2026-06-20T10-40-41-215Z.json
✅ Kept 30 most recent backups.
[29-06-2026  2:00:23.52] Backup finished. 
 
[29-06-2026 19:59:56.77] Starting automated database backup... 
🔄 Connecting to PostgreSQL database...
(node:12536) Warning: SECURITY WARNING: The SSL modes 'prefer', 'require', and 'verify-ca' are treated as aliases for 'verify-full'.
In the next major version (pg-connection-string v3.0.0 and pg v9.0.0), these modes will adopt standard libpq semantics, which have weaker security guarantees.

To prepare for this change:
- If you want the current behavior, explicitly use 'sslmode=verify-full'
- If you want libpq compatibility now, use 'uselibpqcompat=true&sslmode=require'

See https://www.postgresql.org/docs/current/libpq-ssl.html for libpq SSL mode definitions.
(Use `node --trace-warnings ...` to show where the warning was created)
✅ Connected successfully.
📦 Exporting table "User"...
✔️ Exported 16 rows from "User".
📦 Exporting table "Tower"...
✔️ Exported 2 rows from "Tower".
📦 Exporting table "Room"...
✔️ Exported 34 rows from "Room".
📦 Exporting table "Tenant"...
✔️ Exported 14 rows from "Tenant".
📦 Exporting table "RentRecord"...
✔️ Exported 1 rows from "RentRecord".
📦 Exporting table "Payment"...
✔️ Exported 1 rows from "Payment".
📦 Exporting table "MaintenanceRequest"...
✔️ Exported 0 rows from "MaintenanceRequest".
📦 Exporting table "Notification"...
✔️ Exported 48 rows from "Notification".
📦 Exporting table "Document"...
✔️ Exported 0 rows from "Document".
📦 Exporting table "ActivityLog"...
✔️ Exported 67 rows from "ActivityLog".
📦 Exporting table "OtpCode"...
✔️ Exported 24 rows from "OtpCode".
📦 Exporting table "WhatsappQueue"...
✔️ Exported 49 rows from "WhatsappQueue".
📦 Exporting table "PushSubscription"...
✔️ Exported 8 rows from "PushSubscription".

==================================================
🎉 DATABASE BACKUP COMPLETED SUCCESSFULLY!
📂 Saved to: C:\Users\prash\.gemini\antigravity\scratch\atul-residency\backups\backup-2026-06-29T14-30-17-628Z.json
==================================================

✉️ Syncing backup file to cloud inbox: sending to atultiwari123321@gmail.com...
📧 Database backup successfully emailed to atultiwari123321@gmail.com!
🗑️ Cleaning up 1 old backup(s)...
  Deleted: backup-2026-06-20T10-47-00-791Z.json
✅ Kept 30 most recent backups.
[29-06-2026 20:00:25.84] Backup finished. 
 
[30-06-2026  2:09:16.92] Starting automated database backup... 
🔄 Connecting to PostgreSQL database...
(node:9648) Warning: SECURITY WARNING: The SSL modes 'prefer', 'require', and 'verify-ca' are treated as aliases for 'verify-full'.
In the next major version (pg-connection-string v3.0.0 and pg v9.0.0), these modes will adopt standard libpq semantics, which have weaker security guarantees.

To prepare for this change:
- If you want the current behavior, explicitly use 'sslmode=verify-full'
- If you want libpq compatibility now, use 'uselibpqcompat=true&sslmode=require'

See https://www.postgresql.org/docs/current/libpq-ssl.html for libpq SSL mode definitions.
(Use `node --trace-warnings ...` to show where the warning was created)
✅ Connected successfully.
📦 Exporting table "User"...
✔️ Exported 16 rows from "User".
📦 Exporting table "Tower"...
✔️ Exported 2 rows from "Tower".
📦 Exporting table "Room"...
✔️ Exported 34 rows from "Room".
📦 Exporting table "Tenant"...
✔️ Exported 14 rows from "Tenant".
📦 Exporting table "RentRecord"...
✔️ Exported 1 rows from "RentRecord".
📦 Exporting table "Payment"...
✔️ Exported 1 rows from "Payment".
📦 Exporting table "MaintenanceRequest"...
✔️ Exported 0 rows from "MaintenanceRequest".
📦 Exporting table "Notification"...
✔️ Exported 48 rows from "Notification".
📦 Exporting table "Document"...
✔️ Exported 0 rows from "Document".
📦 Exporting table "ActivityLog"...
✔️ Exported 67 rows from "ActivityLog".
📦 Exporting table "OtpCode"...
✔️ Exported 24 rows from "OtpCode".
📦 Exporting table "WhatsappQueue"...
✔️ Exported 49 rows from "WhatsappQueue".
📦 Exporting table "PushSubscription"...
✔️ Exported 8 rows from "PushSubscription".

==================================================
🎉 DATABASE BACKUP COMPLETED SUCCESSFULLY!
📂 Saved to: C:\Users\prash\.gemini\antigravity\scratch\atul-residency\backups\backup-2026-06-29T20-39-48-766Z.json
==================================================

✉️ Syncing backup file to cloud inbox: sending to atultiwari123321@gmail.com...
📧 Database backup successfully emailed to atultiwari123321@gmail.com!
🗑️ Cleaning up 1 old backup(s)...
  Deleted: backup-2026-06-20T20-56-39-142Z.json
✅ Kept 30 most recent backups.
[30-06-2026  2:09:59.04] Backup finished. 
 
[30-06-2026 22:25:02.86] Starting automated database backup... 
🔄 Connecting to PostgreSQL database...
(node:10488) Warning: SECURITY WARNING: The SSL modes 'prefer', 'require', and 'verify-ca' are treated as aliases for 'verify-full'.
In the next major version (pg-connection-string v3.0.0 and pg v9.0.0), these modes will adopt standard libpq semantics, which have weaker security guarantees.

To prepare for this change:
- If you want the current behavior, explicitly use 'sslmode=verify-full'
- If you want libpq compatibility now, use 'uselibpqcompat=true&sslmode=require'

See https://www.postgresql.org/docs/current/libpq-ssl.html for libpq SSL mode definitions.
(Use `node --trace-warnings ...` to show where the warning was created)
✅ Connected successfully.
📦 Exporting table "User"...
✔️ Exported 16 rows from "User".
📦 Exporting table "Tower"...
✔️ Exported 2 rows from "Tower".
📦 Exporting table "Room"...
✔️ Exported 34 rows from "Room".
📦 Exporting table "Tenant"...
✔️ Exported 14 rows from "Tenant".
📦 Exporting table "RentRecord"...
✔️ Exported 1 rows from "RentRecord".
📦 Exporting table "Payment"...
✔️ Exported 1 rows from "Payment".
📦 Exporting table "MaintenanceRequest"...
✔️ Exported 0 rows from "MaintenanceRequest".
📦 Exporting table "Notification"...
✔️ Exported 48 rows from "Notification".
📦 Exporting table "Document"...
✔️ Exported 0 rows from "Document".
📦 Exporting table "ActivityLog"...
✔️ Exported 67 rows from "ActivityLog".
📦 Exporting table "OtpCode"...
✔️ Exported 24 rows from "OtpCode".
📦 Exporting table "WhatsappQueue"...
✔️ Exported 49 rows from "WhatsappQueue".
📦 Exporting table "PushSubscription"...
✔️ Exported 8 rows from "PushSubscription".

==================================================
🎉 DATABASE BACKUP COMPLETED SUCCESSFULLY!
📂 Saved to: C:\Users\prash\.gemini\antigravity\scratch\atul-residency\backups\backup-2026-06-30T16-55-18-916Z.json
==================================================

✉️ Syncing backup file to cloud inbox: sending to atultiwari123321@gmail.com...
📧 Database backup successfully emailed to atultiwari123321@gmail.com!
🗑️ Cleaning up 1 old backup(s)...
  Deleted: backup-2026-06-21T11-32-45-816Z.json
✅ Kept 30 most recent backups.
[30-06-2026 22:25:26.07] Backup finished. 
 
[01-07-2026  9:10:21.95] Starting automated database backup... 
🔄 Connecting to PostgreSQL database...
(node:20724) Warning: SECURITY WARNING: The SSL modes 'prefer', 'require', and 'verify-ca' are treated as aliases for 'verify-full'.
In the next major version (pg-connection-string v3.0.0 and pg v9.0.0), these modes will adopt standard libpq semantics, which have weaker security guarantees.

To prepare for this change:
- If you want the current behavior, explicitly use 'sslmode=verify-full'
- If you want libpq compatibility now, use 'uselibpqcompat=true&sslmode=require'

See https://www.postgresql.org/docs/current/libpq-ssl.html for libpq SSL mode definitions.
(Use `node --trace-warnings ...` to show where the warning was created)
✅ Connected successfully.
📦 Exporting table "User"...
✔️ Exported 16 rows from "User".
📦 Exporting table "Tower"...
✔️ Exported 2 rows from "Tower".
📦 Exporting table "Room"...
✔️ Exported 34 rows from "Room".
📦 Exporting table "Tenant"...
✔️ Exported 14 rows from "Tenant".
📦 Exporting table "RentRecord"...
✔️ Exported 1 rows from "RentRecord".
📦 Exporting table "Payment"...
✔️ Exported 1 rows from "Payment".
📦 Exporting table "MaintenanceRequest"...
✔️ Exported 0 rows from "MaintenanceRequest".
📦 Exporting table "Notification"...
✔️ Exported 48 rows from "Notification".
📦 Exporting table "Document"...
✔️ Exported 0 rows from "Document".
📦 Exporting table "ActivityLog"...
✔️ Exported 67 rows from "ActivityLog".
📦 Exporting table "OtpCode"...
✔️ Exported 24 rows from "OtpCode".
📦 Exporting table "WhatsappQueue"...
✔️ Exported 49 rows from "WhatsappQueue".
📦 Exporting table "PushSubscription"...
✔️ Exported 8 rows from "PushSubscription".

==================================================
🎉 DATABASE BACKUP COMPLETED SUCCESSFULLY!
📂 Saved to: C:\Users\prash\.gemini\antigravity\scratch\atul-residency\backups\backup-2026-07-01T03-40-36-250Z.json
==================================================

✉️ Syncing backup file to cloud inbox: sending to atultiwari123321@gmail.com...
📧 Database backup successfully emailed to atultiwari123321@gmail.com!
🗑️ Cleaning up 1 old backup(s)...
  Deleted: backup-2026-06-21T11-36-48-018Z.json
✅ Kept 30 most recent backups.
[01-07-2026  9:10:43.36] Backup finished. 
 
[02-07-2026 14:32:16.48] Starting automated database backup... 
🔄 Connecting to PostgreSQL database...
(node:10996) Warning: SECURITY WARNING: The SSL modes 'prefer', 'require', and 'verify-ca' are treated as aliases for 'verify-full'.
In the next major version (pg-connection-string v3.0.0 and pg v9.0.0), these modes will adopt standard libpq semantics, which have weaker security guarantees.

To prepare for this change:
- If you want the current behavior, explicitly use 'sslmode=verify-full'
- If you want libpq compatibility now, use 'uselibpqcompat=true&sslmode=require'

See https://www.postgresql.org/docs/current/libpq-ssl.html for libpq SSL mode definitions.
(Use `node --trace-warnings ...` to show where the warning was created)
✅ Connected successfully.
📦 Exporting table "User"...
✔️ Exported 16 rows from "User".
📦 Exporting table "Tower"...
✔️ Exported 2 rows from "Tower".
📦 Exporting table "Room"...
✔️ Exported 34 rows from "Room".
📦 Exporting table "Tenant"...
✔️ Exported 14 rows from "Tenant".
📦 Exporting table "RentRecord"...
✔️ Exported 1 rows from "RentRecord".
📦 Exporting table "Payment"...
✔️ Exported 1 rows from "Payment".
📦 Exporting table "MaintenanceRequest"...
✔️ Exported 0 rows from "MaintenanceRequest".
📦 Exporting table "Notification"...
✔️ Exported 48 rows from "Notification".
📦 Exporting table "Document"...
✔️ Exported 0 rows from "Document".
📦 Exporting table "ActivityLog"...
✔️ Exported 67 rows from "ActivityLog".
📦 Exporting table "OtpCode"...
✔️ Exported 24 rows from "OtpCode".
📦 Exporting table "WhatsappQueue"...
✔️ Exported 49 rows from "WhatsappQueue".
📦 Exporting table "PushSubscription"...
✔️ Exported 8 rows from "PushSubscription".

==================================================
🎉 DATABASE BACKUP COMPLETED SUCCESSFULLY!
📂 Saved to: C:\Users\prash\.gemini\antigravity\scratch\atul-residency\backups\backup-2026-07-02T09-02-33-857Z.json
==================================================

✉️ Syncing backup file to cloud inbox: sending to atultiwari123321@gmail.com...
📧 Database backup successfully emailed to atultiwari123321@gmail.com!
🗑️ Cleaning up 1 old backup(s)...
  Deleted: backup-2026-06-22T10-58-15-811Z.json
✅ Kept 30 most recent backups.
[02-07-2026 14:32:48.17] Backup finished. 
 
[03-07-2026  2:00:01.45] Starting automated database backup... 
🔄 Connecting to PostgreSQL database...
(node:9476) Warning: SECURITY WARNING: The SSL modes 'prefer', 'require', and 'verify-ca' are treated as aliases for 'verify-full'.
In the next major version (pg-connection-string v3.0.0 and pg v9.0.0), these modes will adopt standard libpq semantics, which have weaker security guarantees.

To prepare for this change:
- If you want the current behavior, explicitly use 'sslmode=verify-full'
- If you want libpq compatibility now, use 'uselibpqcompat=true&sslmode=require'

See https://www.postgresql.org/docs/current/libpq-ssl.html for libpq SSL mode definitions.
(Use `node --trace-warnings ...` to show where the warning was created)
✅ Connected successfully.
📦 Exporting table "User"...
✔️ Exported 16 rows from "User".
📦 Exporting table "Tower"...
✔️ Exported 2 rows from "Tower".
📦 Exporting table "Room"...
✔️ Exported 34 rows from "Room".
📦 Exporting table "Tenant"...
✔️ Exported 14 rows from "Tenant".
📦 Exporting table "RentRecord"...
✔️ Exported 1 rows from "RentRecord".
📦 Exporting table "Payment"...
✔️ Exported 1 rows from "Payment".
📦 Exporting table "MaintenanceRequest"...
✔️ Exported 0 rows from "MaintenanceRequest".
📦 Exporting table "Notification"...
✔️ Exported 48 rows from "Notification".
📦 Exporting table "Document"...
✔️ Exported 0 rows from "Document".
📦 Exporting table "ActivityLog"...
✔️ Exported 67 rows from "ActivityLog".
📦 Exporting table "OtpCode"...
✔️ Exported 24 rows from "OtpCode".
📦 Exporting table "WhatsappQueue"...
✔️ Exported 49 rows from "WhatsappQueue".
📦 Exporting table "PushSubscription"...
✔️ Exported 8 rows from "PushSubscription".

==================================================
🎉 DATABASE BACKUP COMPLETED SUCCESSFULLY!
📂 Saved to: C:\Users\prash\.gemini\antigravity\scratch\atul-residency\backups\backup-2026-07-02T20-30-15-729Z.json
==================================================

✉️ Syncing backup file to cloud inbox: sending to atultiwari123321@gmail.com...
📧 Database backup successfully emailed to atultiwari123321@gmail.com!
🗑️ Cleaning up 1 old backup(s)...
  Deleted: backup-2026-06-23T03-46-10-950Z.json
✅ Kept 30 most recent backups.
[03-07-2026  2:00:23.73] Backup finished. 
 
[04-07-2026  2:16:24.45] Starting automated database backup... 
🔄 Connecting to PostgreSQL database...
(node:21152) Warning: SECURITY WARNING: The SSL modes 'prefer', 'require', and 'verify-ca' are treated as aliases for 'verify-full'.
In the next major version (pg-connection-string v3.0.0 and pg v9.0.0), these modes will adopt standard libpq semantics, which have weaker security guarantees.

To prepare for this change:
- If you want the current behavior, explicitly use 'sslmode=verify-full'
- If you want libpq compatibility now, use 'uselibpqcompat=true&sslmode=require'

See https://www.postgresql.org/docs/current/libpq-ssl.html for libpq SSL mode definitions.
(Use `node --trace-warnings ...` to show where the warning was created)
✅ Connected successfully.
📦 Exporting table "User"...
✔️ Exported 16 rows from "User".
📦 Exporting table "Tower"...
✔️ Exported 2 rows from "Tower".
📦 Exporting table "Room"...
✔️ Exported 34 rows from "Room".
📦 Exporting table "Tenant"...
✔️ Exported 14 rows from "Tenant".
📦 Exporting table "RentRecord"...
✔️ Exported 1 rows from "RentRecord".
📦 Exporting table "Payment"...
✔️ Exported 1 rows from "Payment".
📦 Exporting table "MaintenanceRequest"...
✔️ Exported 0 rows from "MaintenanceRequest".
📦 Exporting table "Notification"...
✔️ Exported 48 rows from "Notification".
📦 Exporting table "Document"...
✔️ Exported 0 rows from "Document".
📦 Exporting table "ActivityLog"...
✔️ Exported 67 rows from "ActivityLog".
📦 Exporting table "OtpCode"...
✔️ Exported 24 rows from "OtpCode".
📦 Exporting table "WhatsappQueue"...
✔️ Exported 49 rows from "WhatsappQueue".
📦 Exporting table "PushSubscription"...
✔️ Exported 8 rows from "PushSubscription".

==================================================
🎉 DATABASE BACKUP COMPLETED SUCCESSFULLY!
📂 Saved to: C:\Users\prash\.gemini\antigravity\scratch\atul-residency\backups\backup-2026-07-03T20-46-41-316Z.json
==================================================

✉️ Syncing backup file to cloud inbox: sending to atultiwari123321@gmail.com...
📧 Database backup successfully emailed to atultiwari123321@gmail.com!
🗑️ Cleaning up 1 old backup(s)...
  Deleted: backup-2026-06-23T04-49-12-988Z.json
✅ Kept 30 most recent backups.
[04-07-2026  2:16:50.22] Backup finished. 
 
[05-07-2026  3:34:58.10] Starting automated database backup... 
🔄 Connecting to PostgreSQL database...
(node:14380) Warning: SECURITY WARNING: The SSL modes 'prefer', 'require', and 'verify-ca' are treated as aliases for 'verify-full'.
In the next major version (pg-connection-string v3.0.0 and pg v9.0.0), these modes will adopt standard libpq semantics, which have weaker security guarantees.

To prepare for this change:
- If you want the current behavior, explicitly use 'sslmode=verify-full'
- If you want libpq compatibility now, use 'uselibpqcompat=true&sslmode=require'

See https://www.postgresql.org/docs/current/libpq-ssl.html for libpq SSL mode definitions.
(Use `node --trace-warnings ...` to show where the warning was created)
✅ Connected successfully.
📦 Exporting table "User"...
✔️ Exported 16 rows from "User".
📦 Exporting table "Tower"...
✔️ Exported 2 rows from "Tower".
📦 Exporting table "Room"...
✔️ Exported 34 rows from "Room".
📦 Exporting table "Tenant"...
✔️ Exported 14 rows from "Tenant".
📦 Exporting table "RentRecord"...
✔️ Exported 1 rows from "RentRecord".
📦 Exporting table "Payment"...
✔️ Exported 1 rows from "Payment".
📦 Exporting table "MaintenanceRequest"...
✔️ Exported 0 rows from "MaintenanceRequest".
📦 Exporting table "Notification"...
✔️ Exported 48 rows from "Notification".
📦 Exporting table "Document"...
✔️ Exported 0 rows from "Document".
📦 Exporting table "ActivityLog"...
✔️ Exported 67 rows from "ActivityLog".
📦 Exporting table "OtpCode"...
✔️ Exported 24 rows from "OtpCode".
📦 Exporting table "WhatsappQueue"...
✔️ Exported 49 rows from "WhatsappQueue".
📦 Exporting table "PushSubscription"...
✔️ Exported 8 rows from "PushSubscription".

==================================================
🎉 DATABASE BACKUP COMPLETED SUCCESSFULLY!
📂 Saved to: C:\Users\prash\.gemini\antigravity\scratch\atul-residency\backups\backup-2026-07-04T22-05-17-204Z.json
==================================================

✉️ Syncing backup file to cloud inbox: sending to atultiwari123321@gmail.com...
📧 Database backup successfully emailed to atultiwari123321@gmail.com!
🗑️ Cleaning up 1 old backup(s)...
  Deleted: backup-2026-06-23T05-10-11-580Z.json
✅ Kept 30 most recent backups.
[05-07-2026  3:35:23.54] Backup finished. 
 
[05-07-2026 22:16:59.98] Starting automated database backup... 
🔄 Connecting to PostgreSQL database...
(node:21540) Warning: SECURITY WARNING: The SSL modes 'prefer', 'require', and 'verify-ca' are treated as aliases for 'verify-full'.
In the next major version (pg-connection-string v3.0.0 and pg v9.0.0), these modes will adopt standard libpq semantics, which have weaker security guarantees.

To prepare for this change:
- If you want the current behavior, explicitly use 'sslmode=verify-full'
- If you want libpq compatibility now, use 'uselibpqcompat=true&sslmode=require'

See https://www.postgresql.org/docs/current/libpq-ssl.html for libpq SSL mode definitions.
(Use `node --trace-warnings ...` to show where the warning was created)
✅ Connected successfully.
📦 Exporting table "User"...
✔️ Exported 16 rows from "User".
📦 Exporting table "Tower"...
✔️ Exported 2 rows from "Tower".
📦 Exporting table "Room"...
✔️ Exported 34 rows from "Room".
📦 Exporting table "Tenant"...
✔️ Exported 14 rows from "Tenant".
📦 Exporting table "RentRecord"...
✔️ Exported 1 rows from "RentRecord".
📦 Exporting table "Payment"...
✔️ Exported 1 rows from "Payment".
📦 Exporting table "MaintenanceRequest"...
✔️ Exported 0 rows from "MaintenanceRequest".
📦 Exporting table "Notification"...
✔️ Exported 48 rows from "Notification".
📦 Exporting table "Document"...
✔️ Exported 0 rows from "Document".
📦 Exporting table "ActivityLog"...
✔️ Exported 67 rows from "ActivityLog".
📦 Exporting table "OtpCode"...
✔️ Exported 24 rows from "OtpCode".
📦 Exporting table "WhatsappQueue"...
✔️ Exported 49 rows from "WhatsappQueue".
📦 Exporting table "PushSubscription"...
✔️ Exported 8 rows from "PushSubscription".

==================================================
🎉 DATABASE BACKUP COMPLETED SUCCESSFULLY!
📂 Saved to: C:\Users\prash\.gemini\antigravity\scratch\atul-residency\backups\backup-2026-07-05T16-47-13-647Z.json
==================================================

✉️ Syncing backup file to cloud inbox: sending to atultiwari123321@gmail.com...
❌ Failed to email database backup: Data command failed: 550-5.4.5 Daily user sending limit exceeded. For more information on Gmail
550-5.4.5 sending limits go to
550 5.4.5  https://support.google.com/a/answer/166852 5a478bee46e88-30f376bf710sm24146760eec.6 - gsmtp
🗑️ Cleaning up 1 old backup(s)...
  Deleted: backup-2026-06-23T05-13-46-681Z.json
✅ Kept 30 most recent backups.
[05-07-2026 22:17:16.43] Backup finished. 
 
[06-07-2026  2:00:02.11] Starting automated database backup... 
🔄 Connecting to PostgreSQL database...
(node:5544) Warning: SECURITY WARNING: The SSL modes 'prefer', 'require', and 'verify-ca' are treated as aliases for 'verify-full'.
In the next major version (pg-connection-string v3.0.0 and pg v9.0.0), these modes will adopt standard libpq semantics, which have weaker security guarantees.

To prepare for this change:
- If you want the current behavior, explicitly use 'sslmode=verify-full'
- If you want libpq compatibility now, use 'uselibpqcompat=true&sslmode=require'

See https://www.postgresql.org/docs/current/libpq-ssl.html for libpq SSL mode definitions.
(Use `node --trace-warnings ...` to show where the warning was created)
✅ Connected successfully.
📦 Exporting table "User"...
✔️ Exported 16 rows from "User".
📦 Exporting table "Tower"...
✔️ Exported 2 rows from "Tower".
📦 Exporting table "Room"...
✔️ Exported 34 rows from "Room".
📦 Exporting table "Tenant"...
✔️ Exported 14 rows from "Tenant".
📦 Exporting table "RentRecord"...
✔️ Exported 1 rows from "RentRecord".
📦 Exporting table "Payment"...
✔️ Exported 1 rows from "Payment".
📦 Exporting table "MaintenanceRequest"...
✔️ Exported 0 rows from "MaintenanceRequest".
📦 Exporting table "Notification"...
✔️ Exported 48 rows from "Notification".
📦 Exporting table "Document"...
✔️ Exported 0 rows from "Document".
📦 Exporting table "ActivityLog"...
✔️ Exported 67 rows from "ActivityLog".
📦 Exporting table "OtpCode"...
✔️ Exported 24 rows from "OtpCode".
📦 Exporting table "WhatsappQueue"...
✔️ Exported 49 rows from "WhatsappQueue".
📦 Exporting table "PushSubscription"...
✔️ Exported 8 rows from "PushSubscription".

==================================================
🎉 DATABASE BACKUP COMPLETED SUCCESSFULLY!
📂 Saved to: C:\Users\prash\.gemini\antigravity\scratch\atul-residency\backups\backup-2026-07-05T20-30-15-774Z.json
==================================================

✉️ Syncing backup file to cloud inbox: sending to atultiwari123321@gmail.com...
❌ Failed to email database backup: Data command failed: 550-5.4.5 Daily user sending limit exceeded. For more information on Gmail
550-5.4.5 sending limits go to
550 5.4.5  https://support.google.com/a/answer/166852 a92af1059eb24-13b3c7ef188sm43659836c88.2 - gsmtp
🗑️ Cleaning up 1 old backup(s)...
  Deleted: backup-2026-06-23T05-29-00-134Z.json
✅ Kept 30 most recent backups.
[06-07-2026  2:00:18.62] Backup finished. 
 
[06-07-2026 23:26:29.09] Starting automated database backup... 
🔄 Connecting to PostgreSQL database...
(node:8220) Warning: SECURITY WARNING: The SSL modes 'prefer', 'require', and 'verify-ca' are treated as aliases for 'verify-full'.
In the next major version (pg-connection-string v3.0.0 and pg v9.0.0), these modes will adopt standard libpq semantics, which have weaker security guarantees.

To prepare for this change:
- If you want the current behavior, explicitly use 'sslmode=verify-full'
- If you want libpq compatibility now, use 'uselibpqcompat=true&sslmode=require'

See https://www.postgresql.org/docs/current/libpq-ssl.html for libpq SSL mode definitions.
(Use `node --trace-warnings ...` to show where the warning was created)
✅ Connected successfully.
📦 Exporting table "User"...
✔️ Exported 16 rows from "User".
📦 Exporting table "Tower"...
✔️ Exported 2 rows from "Tower".
📦 Exporting table "Room"...
✔️ Exported 34 rows from "Room".
📦 Exporting table "Tenant"...
✔️ Exported 14 rows from "Tenant".
📦 Exporting table "RentRecord"...
✔️ Exported 1 rows from "RentRecord".
📦 Exporting table "Payment"...
✔️ Exported 1 rows from "Payment".
📦 Exporting table "MaintenanceRequest"...
✔️ Exported 0 rows from "MaintenanceRequest".
📦 Exporting table "Notification"...
✔️ Exported 48 rows from "Notification".
📦 Exporting table "Document"...
✔️ Exported 0 rows from "Document".
📦 Exporting table "ActivityLog"...
✔️ Exported 69 rows from "ActivityLog".
📦 Exporting table "OtpCode"...
node:events:486
      throw er; // Unhandled 'error' event
      ^

Error: Connection terminated unexpectedly
    at Connection.<anonymous> (C:\Users\prash\.gemini\antigravity\scratch\atul-residency\node_modules\pg\lib\client.js:193:73)
    at Object.onceWrapper (node:events:622:28)
    at Connection.emit (node:events:508:20)
    at Socket.<anonymous> (C:\Users\prash\.gemini\antigravity\scratch\atul-residency\node_modules\pg\lib\connection.js:61:12)
    at Socket.emit (node:events:520:22)
    at TCP.<anonymous> (node:net:347:12)
Emitted 'error' event on Client instance at:
    at Client._handleErrorEvent (C:\Users\prash\.gemini\antigravity\scratch\atul-residency\node_modules\pg\lib\client.js:411:10)
    at Connection.<anonymous> (C:\Users\prash\.gemini\antigravity\scratch\atul-residency\node_modules\pg\lib\client.js:211:16)
    at Object.onceWrapper (node:events:622:28)
    at Connection.emit (node:events:508:20)
    at Socket.<anonymous> (C:\Users\prash\.gemini\antigravity\scratch\atul-residency\node_modules\pg\lib\connection.js:61:12)
    at Socket.emit (node:events:520:22)
    at TCP.<anonymous> (node:net:347:12)

Node.js v25.6.1
[06-07-2026 23:26:43.31] Backup finished. 
 
[07-07-2026  2:00:01.97] Starting automated database backup... 
🔄 Connecting to PostgreSQL database...
(node:16884) Warning: SECURITY WARNING: The SSL modes 'prefer', 'require', and 'verify-ca' are treated as aliases for 'verify-full'.
In the next major version (pg-connection-string v3.0.0 and pg v9.0.0), these modes will adopt standard libpq semantics, which have weaker security guarantees.

To prepare for this change:
- If you want the current behavior, explicitly use 'sslmode=verify-full'
- If you want libpq compatibility now, use 'uselibpqcompat=true&sslmode=require'

See https://www.postgresql.org/docs/current/libpq-ssl.html for libpq SSL mode definitions.
(Use `node --trace-warnings ...` to show where the warning was created)
✅ Connected successfully.
📦 Exporting table "User"...
✔️ Exported 16 rows from "User".
📦 Exporting table "Tower"...
✔️ Exported 2 rows from "Tower".
📦 Exporting table "Room"...
✔️ Exported 34 rows from "Room".
📦 Exporting table "Tenant"...
✔️ Exported 14 rows from "Tenant".
📦 Exporting table "RentRecord"...
✔️ Exported 1 rows from "RentRecord".
📦 Exporting table "Payment"...
✔️ Exported 1 rows from "Payment".
📦 Exporting table "MaintenanceRequest"...
✔️ Exported 0 rows from "MaintenanceRequest".
📦 Exporting table "Notification"...
✔️ Exported 48 rows from "Notification".
📦 Exporting table "Document"...
✔️ Exported 0 rows from "Document".
📦 Exporting table "ActivityLog"...
✔️ Exported 69 rows from "ActivityLog".
📦 Exporting table "OtpCode"...
✔️ Exported 24 rows from "OtpCode".
📦 Exporting table "WhatsappQueue"...
✔️ Exported 49 rows from "WhatsappQueue".
📦 Exporting table "PushSubscription"...
✔️ Exported 8 rows from "PushSubscription".

==================================================
🎉 DATABASE BACKUP COMPLETED SUCCESSFULLY!
📂 Saved to: C:\Users\prash\.gemini\antigravity\scratch\atul-residency\backups\backup-2026-07-06T20-30-14-842Z.json
==================================================

✉️ Syncing backup file to cloud inbox: sending to atultiwari123321@gmail.com...
❌ Failed to email database backup: Data command failed: 550-5.4.5 Daily user sending limit exceeded. For more information on Gmail
550-5.4.5 sending limits go to
550 5.4.5  https://support.google.com/a/answer/166852 5a478bee46e88-31174ac14f2sm105574eec.27 - gsmtp
🗑️ Cleaning up 1 old backup(s)...
  Deleted: backup-2026-06-23T05-44-52-699Z.json
✅ Kept 30 most recent backups.
[07-07-2026  2:00:18.44] Backup finished. 
 
[07-07-2026 22:25:19.13] Starting automated database backup... 
🔄 Connecting to PostgreSQL database...
(node:15532) Warning: SECURITY WARNING: The SSL modes 'prefer', 'require', and 'verify-ca' are treated as aliases for 'verify-full'.
In the next major version (pg-connection-string v3.0.0 and pg v9.0.0), these modes will adopt standard libpq semantics, which have weaker security guarantees.

To prepare for this change:
- If you want the current behavior, explicitly use 'sslmode=verify-full'
- If you want libpq compatibility now, use 'uselibpqcompat=true&sslmode=require'

See https://www.postgresql.org/docs/current/libpq-ssl.html for libpq SSL mode definitions.
(Use `node --trace-warnings ...` to show where the warning was created)
✅ Connected successfully.
📦 Exporting table "User"...
✔️ Exported 16 rows from "User".
📦 Exporting table "Tower"...
✔️ Exported 2 rows from "Tower".
📦 Exporting table "Room"...
✔️ Exported 34 rows from "Room".
📦 Exporting table "Tenant"...
✔️ Exported 14 rows from "Tenant".
📦 Exporting table "RentRecord"...
✔️ Exported 1 rows from "RentRecord".
📦 Exporting table "Payment"...
✔️ Exported 1 rows from "Payment".
📦 Exporting table "MaintenanceRequest"...
✔️ Exported 0 rows from "MaintenanceRequest".
📦 Exporting table "Notification"...
✔️ Exported 48 rows from "Notification".
📦 Exporting table "Document"...
✔️ Exported 0 rows from "Document".
📦 Exporting table "ActivityLog"...
✔️ Exported 69 rows from "ActivityLog".
📦 Exporting table "OtpCode"...
✔️ Exported 24 rows from "OtpCode".
📦 Exporting table "WhatsappQueue"...
✔️ Exported 49 rows from "WhatsappQueue".
📦 Exporting table "PushSubscription"...
✔️ Exported 8 rows from "PushSubscription".

==================================================
🎉 DATABASE BACKUP COMPLETED SUCCESSFULLY!
📂 Saved to: C:\Users\prash\.gemini\antigravity\scratch\atul-residency\backups\backup-2026-07-07T16-55-33-161Z.json
==================================================

✉️ Syncing backup file to cloud inbox: sending to atultiwari123321@gmail.com...
❌ Failed to email database backup: Invalid login: 534-5.7.9 Please log in with your web browser and then try again. For more
534-5.7.9 information, go to
534 5.7.9  https://support.google.com/mail/?p=WebLoginRequired 98e67ed59e1d1-387d3a65609sm1441941a91.14 - gsmtp
🗑️ Cleaning up 1 old backup(s)...
  Deleted: backup-2026-06-23T06-00-54-653Z.json
✅ Kept 30 most recent backups.
[07-07-2026 22:25:35.10] Backup finished. 
 
[08-07-2026  2:00:01.31] Starting automated database backup... 
🔄 Connecting to PostgreSQL database...
(node:13892) Warning: SECURITY WARNING: The SSL modes 'prefer', 'require', and 'verify-ca' are treated as aliases for 'verify-full'.
In the next major version (pg-connection-string v3.0.0 and pg v9.0.0), these modes will adopt standard libpq semantics, which have weaker security guarantees.

To prepare for this change:
- If you want the current behavior, explicitly use 'sslmode=verify-full'
- If you want libpq compatibility now, use 'uselibpqcompat=true&sslmode=require'

See https://www.postgresql.org/docs/current/libpq-ssl.html for libpq SSL mode definitions.
(Use `node --trace-warnings ...` to show where the warning was created)
✅ Connected successfully.
📦 Exporting table "User"...
✔️ Exported 16 rows from "User".
📦 Exporting table "Tower"...
✔️ Exported 2 rows from "Tower".
📦 Exporting table "Room"...
✔️ Exported 34 rows from "Room".
📦 Exporting table "Tenant"...
✔️ Exported 14 rows from "Tenant".
📦 Exporting table "RentRecord"...
✔️ Exported 1 rows from "RentRecord".
📦 Exporting table "Payment"...
✔️ Exported 1 rows from "Payment".
📦 Exporting table "MaintenanceRequest"...
✔️ Exported 0 rows from "MaintenanceRequest".
📦 Exporting table "Notification"...
✔️ Exported 48 rows from "Notification".
📦 Exporting table "Document"...
✔️ Exported 0 rows from "Document".
📦 Exporting table "ActivityLog"...
✔️ Exported 69 rows from "ActivityLog".
📦 Exporting table "OtpCode"...
✔️ Exported 24 rows from "OtpCode".
📦 Exporting table "WhatsappQueue"...
✔️ Exported 49 rows from "WhatsappQueue".
📦 Exporting table "PushSubscription"...
✔️ Exported 8 rows from "PushSubscription".

==================================================
🎉 DATABASE BACKUP COMPLETED SUCCESSFULLY!
📂 Saved to: C:\Users\prash\.gemini\antigravity\scratch\atul-residency\backups\backup-2026-07-07T20-30-14-576Z.json
==================================================

✉️ Syncing backup file to cloud inbox: sending to atultiwari123321@gmail.com...
❌ Failed to email database backup: Invalid login: 534-5.7.9 Please log in with your web browser and then try again. For more
534-5.7.9 information, go to
534 5.7.9  https://support.google.com/mail/?p=WebLoginRequired d2e1a72fcca58-847f6dd9237sm6124495b3a.59 - gsmtp
🗑️ Cleaning up 1 old backup(s)...
  Deleted: backup-2026-06-23T12-10-44-352Z.json
✅ Kept 30 most recent backups.
[08-07-2026  2:00:17.22] Backup finished. 
 
[09-07-2026  0:25:58.12] Starting automated database backup... 
🔄 Connecting to PostgreSQL database...
(node:3188) Warning: SECURITY WARNING: The SSL modes 'prefer', 'require', and 'verify-ca' are treated as aliases for 'verify-full'.
In the next major version (pg-connection-string v3.0.0 and pg v9.0.0), these modes will adopt standard libpq semantics, which have weaker security guarantees.

To prepare for this change:
- If you want the current behavior, explicitly use 'sslmode=verify-full'
- If you want libpq compatibility now, use 'uselibpqcompat=true&sslmode=require'

See https://www.postgresql.org/docs/current/libpq-ssl.html for libpq SSL mode definitions.
(Use `node --trace-warnings ...` to show where the warning was created)
✅ Connected successfully.
📦 Exporting table "User"...
✔️ Exported 16 rows from "User".
📦 Exporting table "Tower"...
✔️ Exported 2 rows from "Tower".
📦 Exporting table "Room"...
✔️ Exported 34 rows from "Room".
📦 Exporting table "Tenant"...
✔️ Exported 14 rows from "Tenant".
📦 Exporting table "RentRecord"...
✔️ Exported 1 rows from "RentRecord".
📦 Exporting table "Payment"...
✔️ Exported 1 rows from "Payment".
📦 Exporting table "MaintenanceRequest"...
✔️ Exported 0 rows from "MaintenanceRequest".
📦 Exporting table "Notification"...
✔️ Exported 48 rows from "Notification".
📦 Exporting table "Document"...
✔️ Exported 0 rows from "Document".
📦 Exporting table "ActivityLog"...
✔️ Exported 69 rows from "ActivityLog".
📦 Exporting table "OtpCode"...
✔️ Exported 24 rows from "OtpCode".
📦 Exporting table "WhatsappQueue"...
✔️ Exported 49 rows from "WhatsappQueue".
📦 Exporting table "PushSubscription"...
✔️ Exported 8 rows from "PushSubscription".

==================================================
🎉 DATABASE BACKUP COMPLETED SUCCESSFULLY!
📂 Saved to: C:\Users\prash\.gemini\antigravity\scratch\atul-residency\backups\backup-2026-07-08T18-56-11-538Z.json
==================================================

✉️ Syncing backup file to cloud inbox: sending to atultiwari123321@gmail.com...
❌ Failed to email database backup: Invalid login: 534-5.7.9 Please log in with your web browser and then try again. For more
534-5.7.9 information, go to
534 5.7.9  https://support.google.com/mail/?p=WebLoginRequired 5a478bee46e88-3117483941csm23727471eec.7 - gsmtp
🗑️ Cleaning up 1 old backup(s)...
  Deleted: backup-2026-06-23T21-02-43-988Z.json
✅ Kept 30 most recent backups.
[09-07-2026  0:26:13.74] Backup finished. 
 
[09-07-2026  2:00:01.98] Starting automated database backup... 
🔄 Connecting to PostgreSQL database...
(node:14452) Warning: SECURITY WARNING: The SSL modes 'prefer', 'require', and 'verify-ca' are treated as aliases for 'verify-full'.
In the next major version (pg-connection-string v3.0.0 and pg v9.0.0), these modes will adopt standard libpq semantics, which have weaker security guarantees.

To prepare for this change:
- If you want the current behavior, explicitly use 'sslmode=verify-full'
- If you want libpq compatibility now, use 'uselibpqcompat=true&sslmode=require'

See https://www.postgresql.org/docs/current/libpq-ssl.html for libpq SSL mode definitions.
(Use `node --trace-warnings ...` to show where the warning was created)
✅ Connected successfully.
📦 Exporting table "User"...
✔️ Exported 16 rows from "User".
📦 Exporting table "Tower"...
✔️ Exported 2 rows from "Tower".
📦 Exporting table "Room"...
✔️ Exported 34 rows from "Room".
📦 Exporting table "Tenant"...
✔️ Exported 14 rows from "Tenant".
📦 Exporting table "RentRecord"...
✔️ Exported 1 rows from "RentRecord".
📦 Exporting table "Payment"...
✔️ Exported 1 rows from "Payment".
📦 Exporting table "MaintenanceRequest"...
✔️ Exported 0 rows from "MaintenanceRequest".
📦 Exporting table "Notification"...
✔️ Exported 48 rows from "Notification".
📦 Exporting table "Document"...
✔️ Exported 0 rows from "Document".
📦 Exporting table "ActivityLog"...
✔️ Exported 69 rows from "ActivityLog".
📦 Exporting table "OtpCode"...
✔️ Exported 24 rows from "OtpCode".
📦 Exporting table "WhatsappQueue"...
✔️ Exported 49 rows from "WhatsappQueue".
📦 Exporting table "PushSubscription"...
✔️ Exported 8 rows from "PushSubscription".

==================================================
🎉 DATABASE BACKUP COMPLETED SUCCESSFULLY!
📂 Saved to: C:\Users\prash\.gemini\antigravity\scratch\atul-residency\backups\backup-2026-07-08T20-30-26-886Z.json
==================================================

✉️ Syncing backup file to cloud inbox: sending to atultiwari123321@gmail.com...
❌ Failed to email database backup: Invalid login: 534-5.7.9 Please log in with your web browser and then try again. For more
534-5.7.9 information, go to
534 5.7.9  https://support.google.com/mail/?p=WebLoginRequired d9443c01a7336-2ccc9d1e284sm33067535ad.40 - gsmtp
🗑️ Cleaning up 1 old backup(s)...
  Deleted: backup-2026-06-24T03-52-29-353Z.json
✅ Kept 30 most recent backups.
[09-07-2026  2:00:30.04] Backup finished. 
 
[09-07-2026 20:00:16.69] Starting automated database backup... 
🔄 Connecting to PostgreSQL database...
(node:15364) Warning: SECURITY WARNING: The SSL modes 'prefer', 'require', and 'verify-ca' are treated as aliases for 'verify-full'.
In the next major version (pg-connection-string v3.0.0 and pg v9.0.0), these modes will adopt standard libpq semantics, which have weaker security guarantees.

To prepare for this change:
- If you want the current behavior, explicitly use 'sslmode=verify-full'
- If you want libpq compatibility now, use 'uselibpqcompat=true&sslmode=require'

See https://www.postgresql.org/docs/current/libpq-ssl.html for libpq SSL mode definitions.
(Use `node --trace-warnings ...` to show where the warning was created)
✅ Connected successfully.
📦 Exporting table "User"...
✔️ Exported 16 rows from "User".
📦 Exporting table "Tower"...
✔️ Exported 2 rows from "Tower".
📦 Exporting table "Room"...
✔️ Exported 34 rows from "Room".
📦 Exporting table "Tenant"...
✔️ Exported 14 rows from "Tenant".
📦 Exporting table "RentRecord"...
✔️ Exported 1 rows from "RentRecord".
📦 Exporting table "Payment"...
✔️ Exported 1 rows from "Payment".
📦 Exporting table "MaintenanceRequest"...
✔️ Exported 0 rows from "MaintenanceRequest".
📦 Exporting table "Notification"...
✔️ Exported 48 rows from "Notification".
📦 Exporting table "Document"...
✔️ Exported 0 rows from "Document".
📦 Exporting table "ActivityLog"...
✔️ Exported 69 rows from "ActivityLog".
📦 Exporting table "OtpCode"...
✔️ Exported 24 rows from "OtpCode".
📦 Exporting table "WhatsappQueue"...
✔️ Exported 49 rows from "WhatsappQueue".
📦 Exporting table "PushSubscription"...
✔️ Exported 8 rows from "PushSubscription".

==================================================
🎉 DATABASE BACKUP COMPLETED SUCCESSFULLY!
📂 Saved to: C:\Users\prash\.gemini\antigravity\scratch\atul-residency\backups\backup-2026-07-09T14-30-51-639Z.json
==================================================

✉️ Syncing backup file to cloud inbox: sending to atultiwari123321@gmail.com...
❌ Failed to email database backup: Invalid login: 534-5.7.9 Please log in with your web browser and then try again. For more
534-5.7.9 information, go to
534 5.7.9  https://support.google.com/mail/?p=WebLoginRequired d2e1a72fcca58-84847d4134fsm2460204b3a.0 - gsmtp
🗑️ Cleaning up 1 old backup(s)...
  Deleted: backup-2026-06-24T03-53-57-200Z.json
✅ Kept 30 most recent backups.
[09-07-2026 20:00:57.18] Backup finished. 
 
[10-07-2026  2:00:01.84] Starting automated database backup... 
🔄 Connecting to PostgreSQL database...
(node:14128) Warning: SECURITY WARNING: The SSL modes 'prefer', 'require', and 'verify-ca' are treated as aliases for 'verify-full'.
In the next major version (pg-connection-string v3.0.0 and pg v9.0.0), these modes will adopt standard libpq semantics, which have weaker security guarantees.

To prepare for this change:
- If you want the current behavior, explicitly use 'sslmode=verify-full'
- If you want libpq compatibility now, use 'uselibpqcompat=true&sslmode=require'

See https://www.postgresql.org/docs/current/libpq-ssl.html for libpq SSL mode definitions.
(Use `node --trace-warnings ...` to show where the warning was created)
✅ Connected successfully.
📦 Exporting table "User"...
✔️ Exported 16 rows from "User".
📦 Exporting table "Tower"...
✔️ Exported 2 rows from "Tower".
📦 Exporting table "Room"...
✔️ Exported 34 rows from "Room".
📦 Exporting table "Tenant"...
✔️ Exported 14 rows from "Tenant".
📦 Exporting table "RentRecord"...
✔️ Exported 1 rows from "RentRecord".
📦 Exporting table "Payment"...
✔️ Exported 1 rows from "Payment".
📦 Exporting table "MaintenanceRequest"...
✔️ Exported 0 rows from "MaintenanceRequest".
📦 Exporting table "Notification"...
✔️ Exported 48 rows from "Notification".
📦 Exporting table "Document"...
✔️ Exported 0 rows from "Document".
📦 Exporting table "ActivityLog"...
✔️ Exported 69 rows from "ActivityLog".
📦 Exporting table "OtpCode"...
✔️ Exported 24 rows from "OtpCode".
📦 Exporting table "WhatsappQueue"...
✔️ Exported 49 rows from "WhatsappQueue".
📦 Exporting table "PushSubscription"...
✔️ Exported 8 rows from "PushSubscription".

==================================================
🎉 DATABASE BACKUP COMPLETED SUCCESSFULLY!
📂 Saved to: C:\Users\prash\.gemini\antigravity\scratch\atul-residency\backups\backup-2026-07-09T20-30-20-566Z.json
==================================================

✉️ Syncing backup file to cloud inbox: sending to atultiwari123321@gmail.com...
❌ Failed to email database backup: Invalid login: 535-5.7.8 Username and Password not accepted. For more information, go to
535 5.7.8  https://support.google.com/mail/?p=BadCredentials 98e67ed59e1d1-38a55557f25sm1802356a91.5 - gsmtp
🗑️ Cleaning up 1 old backup(s)...
  Deleted: backup-2026-06-24T04-05-24-233Z.json
✅ Kept 30 most recent backups.
[10-07-2026  2:00:28.02] Backup finished. 
 
[11-07-2026  0:37:11.57] Starting automated database backup... 
🔄 Connecting to PostgreSQL database...
(node:3524) Warning: SECURITY WARNING: The SSL modes 'prefer', 'require', and 'verify-ca' are treated as aliases for 'verify-full'.
In the next major version (pg-connection-string v3.0.0 and pg v9.0.0), these modes will adopt standard libpq semantics, which have weaker security guarantees.

To prepare for this change:
- If you want the current behavior, explicitly use 'sslmode=verify-full'
- If you want libpq compatibility now, use 'uselibpqcompat=true&sslmode=require'

See https://www.postgresql.org/docs/current/libpq-ssl.html for libpq SSL mode definitions.
(Use `node --trace-warnings ...` to show where the warning was created)
✅ Connected successfully.
📦 Exporting table "User"...
✔️ Exported 16 rows from "User".
📦 Exporting table "Tower"...
✔️ Exported 2 rows from "Tower".
📦 Exporting table "Room"...
✔️ Exported 34 rows from "Room".
📦 Exporting table "Tenant"...
✔️ Exported 14 rows from "Tenant".
📦 Exporting table "RentRecord"...
✔️ Exported 1 rows from "RentRecord".
📦 Exporting table "Payment"...
✔️ Exported 1 rows from "Payment".
📦 Exporting table "MaintenanceRequest"...
✔️ Exported 0 rows from "MaintenanceRequest".
📦 Exporting table "Notification"...
✔️ Exported 48 rows from "Notification".
📦 Exporting table "Document"...
✔️ Exported 0 rows from "Document".
📦 Exporting table "ActivityLog"...
✔️ Exported 69 rows from "ActivityLog".
📦 Exporting table "OtpCode"...
✔️ Exported 24 rows from "OtpCode".
📦 Exporting table "WhatsappQueue"...
✔️ Exported 49 rows from "WhatsappQueue".
📦 Exporting table "PushSubscription"...
✔️ Exported 8 rows from "PushSubscription".

==================================================
🎉 DATABASE BACKUP COMPLETED SUCCESSFULLY!
📂 Saved to: C:\Users\prash\.gemini\antigravity\scratch\atul-residency\backups\backup-2026-07-10T19-07-27-310Z.json
==================================================

✉️ Syncing backup file to cloud inbox: sending to atultiwari123321@gmail.com...
❌ Failed to email database backup: Invalid login: 535-5.7.8 Username and Password not accepted. For more information, go to
535 5.7.8  https://support.google.com/mail/?p=BadCredentials 5a478bee46e88-31174accae5sm70970472eec.29 - gsmtp
🗑️ Cleaning up 1 old backup(s)...
  Deleted: backup-2026-06-24T14-04-34-348Z.json
✅ Kept 30 most recent backups.
[11-07-2026  0:37:28.99] Backup finished. 
 
[11-07-2026  2:00:01.29] Starting automated database backup... 
🔄 Connecting to PostgreSQL database...
(node:13208) Warning: SECURITY WARNING: The SSL modes 'prefer', 'require', and 'verify-ca' are treated as aliases for 'verify-full'.
In the next major version (pg-connection-string v3.0.0 and pg v9.0.0), these modes will adopt standard libpq semantics, which have weaker security guarantees.

To prepare for this change:
- If you want the current behavior, explicitly use 'sslmode=verify-full'
- If you want libpq compatibility now, use 'uselibpqcompat=true&sslmode=require'

See https://www.postgresql.org/docs/current/libpq-ssl.html for libpq SSL mode definitions.
(Use `node --trace-warnings ...` to show where the warning was created)
✅ Connected successfully.
📦 Exporting table "User"...
✔️ Exported 16 rows from "User".
📦 Exporting table "Tower"...
✔️ Exported 2 rows from "Tower".
📦 Exporting table "Room"...
✔️ Exported 34 rows from "Room".
📦 Exporting table "Tenant"...
✔️ Exported 14 rows from "Tenant".
📦 Exporting table "RentRecord"...
✔️ Exported 1 rows from "RentRecord".
📦 Exporting table "Payment"...
✔️ Exported 1 rows from "Payment".
📦 Exporting table "MaintenanceRequest"...
✔️ Exported 0 rows from "MaintenanceRequest".
📦 Exporting table "Notification"...
✔️ Exported 48 rows from "Notification".
📦 Exporting table "Document"...
✔️ Exported 0 rows from "Document".
📦 Exporting table "ActivityLog"...
✔️ Exported 69 rows from "ActivityLog".
📦 Exporting table "OtpCode"...
✔️ Exported 24 rows from "OtpCode".
📦 Exporting table "WhatsappQueue"...
✔️ Exported 49 rows from "WhatsappQueue".
📦 Exporting table "PushSubscription"...
✔️ Exported 8 rows from "PushSubscription".

==================================================
🎉 DATABASE BACKUP COMPLETED SUCCESSFULLY!
📂 Saved to: C:\Users\prash\.gemini\antigravity\scratch\atul-residency\backups\backup-2026-07-10T20-30-12-790Z.json
==================================================

✉️ Syncing backup file to cloud inbox: sending to atultiwari123321@gmail.com...
❌ Failed to email database backup: Invalid login: 535-5.7.8 Username and Password not accepted. For more information, go to
535 5.7.8  https://support.google.com/mail/?p=BadCredentials a92af1059eb24-13b6593c9a1sm52770884c88.2 - gsmtp
🗑️ Cleaning up 1 old backup(s)...
  Deleted: backup-2026-06-25T03-43-33-111Z.json
✅ Kept 30 most recent backups.
[11-07-2026  2:00:14.43] Backup finished. 
 
[11-07-2026 14:00:01.35] Starting automated database backup... 
🔄 Connecting to PostgreSQL database...
(node:18796) Warning: SECURITY WARNING: The SSL modes 'prefer', 'require', and 'verify-ca' are treated as aliases for 'verify-full'.
In the next major version (pg-connection-string v3.0.0 and pg v9.0.0), these modes will adopt standard libpq semantics, which have weaker security guarantees.

To prepare for this change:
- If you want the current behavior, explicitly use 'sslmode=verify-full'
- If you want libpq compatibility now, use 'uselibpqcompat=true&sslmode=require'

See https://www.postgresql.org/docs/current/libpq-ssl.html for libpq SSL mode definitions.
(Use `node --trace-warnings ...` to show where the warning was created)
✅ Connected successfully.
📦 Exporting table "User"...
✔️ Exported 16 rows from "User".
📦 Exporting table "Tower"...
✔️ Exported 2 rows from "Tower".
📦 Exporting table "Room"...
✔️ Exported 34 rows from "Room".
📦 Exporting table "Tenant"...
✔️ Exported 14 rows from "Tenant".
📦 Exporting table "RentRecord"...
✔️ Exported 1 rows from "RentRecord".
📦 Exporting table "Payment"...
✔️ Exported 1 rows from "Payment".
📦 Exporting table "MaintenanceRequest"...
✔️ Exported 0 rows from "MaintenanceRequest".
📦 Exporting table "Notification"...
✔️ Exported 48 rows from "Notification".
📦 Exporting table "Document"...
✔️ Exported 0 rows from "Document".
📦 Exporting table "ActivityLog"...
✔️ Exported 69 rows from "ActivityLog".
📦 Exporting table "OtpCode"...
✔️ Exported 24 rows from "OtpCode".
📦 Exporting table "WhatsappQueue"...
✔️ Exported 49 rows from "WhatsappQueue".
📦 Exporting table "PushSubscription"...
✔️ Exported 8 rows from "PushSubscription".

==================================================
🎉 DATABASE BACKUP COMPLETED SUCCESSFULLY!
📂 Saved to: C:\Users\prash\.gemini\antigravity\scratch\atul-residency\backups\backup-2026-07-11T08-30-14-759Z.json
==================================================

✉️ Syncing backup file to cloud inbox: sending to atultiwari123321@gmail.com...
❌ Failed to email database backup: Invalid login: 535-5.7.8 Username and Password not accepted. For more information, go to
535 5.7.8  https://support.google.com/mail/?p=BadCredentials 5a478bee46e88-313b4b97661sm15164454eec.7 - gsmtp
🗑️ Cleaning up 1 old backup(s)...
  Deleted: backup-2026-06-25T03-51-51-700Z.json
✅ Kept 30 most recent backups.
[11-07-2026 14:00:16.85] Backup finished. 
 
[12-07-2026  6:32:52.19] Starting automated database backup... 
🔄 Connecting to PostgreSQL database...
(node:19940) Warning: SECURITY WARNING: The SSL modes 'prefer', 'require', and 'verify-ca' are treated as aliases for 'verify-full'.
In the next major version (pg-connection-string v3.0.0 and pg v9.0.0), these modes will adopt standard libpq semantics, which have weaker security guarantees.

To prepare for this change:
- If you want the current behavior, explicitly use 'sslmode=verify-full'
- If you want libpq compatibility now, use 'uselibpqcompat=true&sslmode=require'

See https://www.postgresql.org/docs/current/libpq-ssl.html for libpq SSL mode definitions.
(Use `node --trace-warnings ...` to show where the warning was created)
✅ Connected successfully.
📦 Exporting table "User"...
✔️ Exported 16 rows from "User".
📦 Exporting table "Tower"...
✔️ Exported 2 rows from "Tower".
📦 Exporting table "Room"...
✔️ Exported 34 rows from "Room".
📦 Exporting table "Tenant"...
✔️ Exported 14 rows from "Tenant".
📦 Exporting table "RentRecord"...
✔️ Exported 1 rows from "RentRecord".
📦 Exporting table "Payment"...
✔️ Exported 1 rows from "Payment".
📦 Exporting table "MaintenanceRequest"...
✔️ Exported 0 rows from "MaintenanceRequest".
📦 Exporting table "Notification"...
✔️ Exported 48 rows from "Notification".
📦 Exporting table "Document"...
✔️ Exported 0 rows from "Document".
📦 Exporting table "ActivityLog"...
✔️ Exported 69 rows from "ActivityLog".
📦 Exporting table "OtpCode"...
✔️ Exported 24 rows from "OtpCode".
📦 Exporting table "WhatsappQueue"...
✔️ Exported 49 rows from "WhatsappQueue".
📦 Exporting table "PushSubscription"...
✔️ Exported 8 rows from "PushSubscription".

==================================================
🎉 DATABASE BACKUP COMPLETED SUCCESSFULLY!
📂 Saved to: C:\Users\prash\.gemini\antigravity\scratch\atul-residency\backups\backup-2026-07-12T01-03-08-723Z.json
==================================================

✉️ Syncing backup file to cloud inbox: sending to atultiwari123321@gmail.com...
❌ Failed to email database backup: Invalid login: 535-5.7.8 Username and Password not accepted. For more information, go to
535 5.7.8  https://support.google.com/mail/?p=BadCredentials 5a478bee46e88-311a6115e61sm36203436eec.22 - gsmtp
🗑️ Cleaning up 1 old backup(s)...
  Deleted: backup-2026-06-25T12-50-16-171Z.json
✅ Kept 30 most recent backups.
[12-07-2026  6:33:10.44] Backup finished. 
 
[12-07-2026 20:24:44.21] Starting automated database backup... 
🔄 Connecting to PostgreSQL database...
(node:16880) Warning: SECURITY WARNING: The SSL modes 'prefer', 'require', and 'verify-ca' are treated as aliases for 'verify-full'.
In the next major version (pg-connection-string v3.0.0 and pg v9.0.0), these modes will adopt standard libpq semantics, which have weaker security guarantees.

To prepare for this change:
- If you want the current behavior, explicitly use 'sslmode=verify-full'
- If you want libpq compatibility now, use 'uselibpqcompat=true&sslmode=require'

See https://www.postgresql.org/docs/current/libpq-ssl.html for libpq SSL mode definitions.
(Use `node --trace-warnings ...` to show where the warning was created)
✅ Connected successfully.
📦 Exporting table "User"...
✔️ Exported 16 rows from "User".
📦 Exporting table "Tower"...
✔️ Exported 2 rows from "Tower".
📦 Exporting table "Room"...
✔️ Exported 34 rows from "Room".
📦 Exporting table "Tenant"...
✔️ Exported 14 rows from "Tenant".
📦 Exporting table "RentRecord"...
✔️ Exported 1 rows from "RentRecord".
📦 Exporting table "Payment"...
✔️ Exported 1 rows from "Payment".
📦 Exporting table "MaintenanceRequest"...
✔️ Exported 0 rows from "MaintenanceRequest".
📦 Exporting table "Notification"...
✔️ Exported 48 rows from "Notification".
📦 Exporting table "Document"...
✔️ Exported 0 rows from "Document".
📦 Exporting table "ActivityLog"...
✔️ Exported 69 rows from "ActivityLog".
📦 Exporting table "OtpCode"...
✔️ Exported 24 rows from "OtpCode".
📦 Exporting table "WhatsappQueue"...
✔️ Exported 49 rows from "WhatsappQueue".
📦 Exporting table "PushSubscription"...
✔️ Exported 8 rows from "PushSubscription".

==================================================
🎉 DATABASE BACKUP COMPLETED SUCCESSFULLY!
📂 Saved to: C:\Users\prash\.gemini\antigravity\scratch\atul-residency\backups\backup-2026-07-12T14-55-07-351Z.json
==================================================

✉️ Syncing backup file to cloud inbox: sending to atultiwari123321@gmail.com...
❌ Failed to email database backup: Invalid login: 535-5.7.8 Username and Password not accepted. For more information, go to
535 5.7.8  https://support.google.com/mail/?p=BadCredentials 5a478bee46e88-313b4cbafa1sm35904325eec.6 - gsmtp
🗑️ Cleaning up 1 old backup(s)...
  Deleted: backup-2026-06-25T20-30-17-364Z.json
✅ Kept 30 most recent backups.
[12-07-2026 20:25:10.46] Backup finished. 
 
[13-07-2026  9:28:34.33] Starting automated database backup... 
🔄 Connecting to PostgreSQL database...
(node:15428) Warning: SECURITY WARNING: The SSL modes 'prefer', 'require', and 'verify-ca' are treated as aliases for 'verify-full'.
In the next major version (pg-connection-string v3.0.0 and pg v9.0.0), these modes will adopt standard libpq semantics, which have weaker security guarantees.

To prepare for this change:
- If you want the current behavior, explicitly use 'sslmode=verify-full'
- If you want libpq compatibility now, use 'uselibpqcompat=true&sslmode=require'

See https://www.postgresql.org/docs/current/libpq-ssl.html for libpq SSL mode definitions.
(Use `node --trace-warnings ...` to show where the warning was created)
✅ Connected successfully.
📦 Exporting table "User"...
✔️ Exported 16 rows from "User".
📦 Exporting table "Tower"...
✔️ Exported 2 rows from "Tower".
📦 Exporting table "Room"...
✔️ Exported 34 rows from "Room".
📦 Exporting table "Tenant"...
✔️ Exported 14 rows from "Tenant".
📦 Exporting table "RentRecord"...
✔️ Exported 1 rows from "RentRecord".
📦 Exporting table "Payment"...
✔️ Exported 1 rows from "Payment".
📦 Exporting table "MaintenanceRequest"...
✔️ Exported 0 rows from "MaintenanceRequest".
📦 Exporting table "Notification"...
✔️ Exported 48 rows from "Notification".
📦 Exporting table "Document"...
✔️ Exported 0 rows from "Document".
📦 Exporting table "ActivityLog"...
✔️ Exported 69 rows from "ActivityLog".
📦 Exporting table "OtpCode"...
✔️ Exported 24 rows from "OtpCode".
📦 Exporting table "WhatsappQueue"...
✔️ Exported 49 rows from "WhatsappQueue".
📦 Exporting table "PushSubscription"...
✔️ Exported 8 rows from "PushSubscription".

==================================================
🎉 DATABASE BACKUP COMPLETED SUCCESSFULLY!
📂 Saved to: C:\Users\prash\.gemini\antigravity\scratch\atul-residency\backups\backup-2026-07-13T03-58-50-576Z.json
==================================================

✉️ Syncing backup file to cloud inbox: sending to atultiwari123321@gmail.com...
❌ Failed to email database backup: Invalid login: 535-5.7.8 Username and Password not accepted. For more information, go to
535 5.7.8  https://support.google.com/mail/?p=BadCredentials a640c23a62f3a-c15cfac0f76sm742183266b.33 - gsmtp
🗑️ Cleaning up 1 old backup(s)...
  Deleted: backup-2026-06-26T03-56-20-155Z.json
✅ Kept 30 most recent backups.
[13-07-2026  9:28:55.42] Backup finished. 
 
[14-07-2026  9:27:44.34] Starting automated database backup... 
🔄 Connecting to PostgreSQL database...
(node:16972) Warning: SECURITY WARNING: The SSL modes 'prefer', 'require', and 'verify-ca' are treated as aliases for 'verify-full'.
In the next major version (pg-connection-string v3.0.0 and pg v9.0.0), these modes will adopt standard libpq semantics, which have weaker security guarantees.

To prepare for this change:
- If you want the current behavior, explicitly use 'sslmode=verify-full'
- If you want libpq compatibility now, use 'uselibpqcompat=true&sslmode=require'

See https://www.postgresql.org/docs/current/libpq-ssl.html for libpq SSL mode definitions.
(Use `node --trace-warnings ...` to show where the warning was created)
✅ Connected successfully.
📦 Exporting table "User"...
✔️ Exported 16 rows from "User".
📦 Exporting table "Tower"...
✔️ Exported 2 rows from "Tower".
📦 Exporting table "Room"...
✔️ Exported 34 rows from "Room".
📦 Exporting table "Tenant"...
✔️ Exported 14 rows from "Tenant".
📦 Exporting table "RentRecord"...
✔️ Exported 1 rows from "RentRecord".
📦 Exporting table "Payment"...
✔️ Exported 1 rows from "Payment".
📦 Exporting table "MaintenanceRequest"...
✔️ Exported 0 rows from "MaintenanceRequest".
📦 Exporting table "Notification"...
✔️ Exported 48 rows from "Notification".
📦 Exporting table "Document"...
✔️ Exported 0 rows from "Document".
📦 Exporting table "ActivityLog"...
✔️ Exported 69 rows from "ActivityLog".
📦 Exporting table "OtpCode"...
✔️ Exported 24 rows from "OtpCode".
📦 Exporting table "WhatsappQueue"...
✔️ Exported 49 rows from "WhatsappQueue".
📦 Exporting table "PushSubscription"...
✔️ Exported 8 rows from "PushSubscription".

==================================================
🎉 DATABASE BACKUP COMPLETED SUCCESSFULLY!
📂 Saved to: C:\Users\prash\.gemini\antigravity\scratch\atul-residency\backups\backup-2026-07-14T03-58-01-155Z.json
==================================================

✉️ Syncing backup file to cloud inbox: sending to atultiwari123321@gmail.com...
❌ Failed to email database backup: Invalid login: 535-5.7.8 Username and Password not accepted. For more information, go to
535 5.7.8  https://support.google.com/mail/?p=BadCredentials 5a478bee46e88-311a6115e61sm58602296eec.22 - gsmtp
🗑️ Cleaning up 1 old backup(s)...
  Deleted: backup-2026-06-26T17-07-08-207Z.json
✅ Kept 30 most recent backups.
[14-07-2026  9:28:03.47] Backup finished. 
 
[14-07-2026 23:58:42.24] Starting automated database backup... 
🔄 Connecting to PostgreSQL database...
(node:5640) Warning: SECURITY WARNING: The SSL modes 'prefer', 'require', and 'verify-ca' are treated as aliases for 'verify-full'.
In the next major version (pg-connection-string v3.0.0 and pg v9.0.0), these modes will adopt standard libpq semantics, which have weaker security guarantees.

To prepare for this change:
- If you want the current behavior, explicitly use 'sslmode=verify-full'
- If you want libpq compatibility now, use 'uselibpqcompat=true&sslmode=require'

See https://www.postgresql.org/docs/current/libpq-ssl.html for libpq SSL mode definitions.
(Use `node --trace-warnings ...` to show where the warning was created)
✅ Connected successfully.
📦 Exporting table "User"...
✔️ Exported 16 rows from "User".
📦 Exporting table "Tower"...
✔️ Exported 2 rows from "Tower".
📦 Exporting table "Room"...
✔️ Exported 34 rows from "Room".
📦 Exporting table "Tenant"...
✔️ Exported 14 rows from "Tenant".
📦 Exporting table "RentRecord"...
✔️ Exported 1 rows from "RentRecord".
📦 Exporting table "Payment"...
✔️ Exported 1 rows from "Payment".
📦 Exporting table "MaintenanceRequest"...
✔️ Exported 0 rows from "MaintenanceRequest".
📦 Exporting table "Notification"...
✔️ Exported 48 rows from "Notification".
📦 Exporting table "Document"...
✔️ Exported 0 rows from "Document".
📦 Exporting table "ActivityLog"...
✔️ Exported 69 rows from "ActivityLog".
📦 Exporting table "OtpCode"...
✔️ Exported 24 rows from "OtpCode".
📦 Exporting table "WhatsappQueue"...
✔️ Exported 49 rows from "WhatsappQueue".
📦 Exporting table "PushSubscription"...
✔️ Exported 8 rows from "PushSubscription".

==================================================
🎉 DATABASE BACKUP COMPLETED SUCCESSFULLY!
📂 Saved to: C:\Users\prash\.gemini\antigravity\scratch\atul-residency\backups\backup-2026-07-14T18-29-13-941Z.json
==================================================

✉️ Syncing backup file to cloud inbox: sending to atultiwari123321@gmail.com...
❌ Failed to email database backup: Invalid login: 535-5.7.8 Username and Password not accepted. For more information, go to
535 5.7.8  https://support.google.com/mail/?p=BadCredentials 5a478bee46e88-313b4cbafa1sm79924987eec.6 - gsmtp
🗑️ Cleaning up 1 old backup(s)...
  Deleted: backup-2026-06-26T20-30-12-337Z.json
✅ Kept 30 most recent backups.
[14-07-2026 23:59:15.89] Backup finished. 
 
[15-07-2026  2:00:01.74] Starting automated database backup... 
🔄 Connecting to PostgreSQL database...
(node:25408) Warning: SECURITY WARNING: The SSL modes 'prefer', 'require', and 'verify-ca' are treated as aliases for 'verify-full'.
In the next major version (pg-connection-string v3.0.0 and pg v9.0.0), these modes will adopt standard libpq semantics, which have weaker security guarantees.

To prepare for this change:
- If you want the current behavior, explicitly use 'sslmode=verify-full'
- If you want libpq compatibility now, use 'uselibpqcompat=true&sslmode=require'

See https://www.postgresql.org/docs/current/libpq-ssl.html for libpq SSL mode definitions.
(Use `node --trace-warnings ...` to show where the warning was created)
✅ Connected successfully.
📦 Exporting table "User"...
✔️ Exported 16 rows from "User".
📦 Exporting table "Tower"...
✔️ Exported 2 rows from "Tower".
📦 Exporting table "Room"...
✔️ Exported 34 rows from "Room".
📦 Exporting table "Tenant"...
✔️ Exported 14 rows from "Tenant".
📦 Exporting table "RentRecord"...
✔️ Exported 1 rows from "RentRecord".
📦 Exporting table "Payment"...
✔️ Exported 1 rows from "Payment".
📦 Exporting table "MaintenanceRequest"...
✔️ Exported 0 rows from "MaintenanceRequest".
📦 Exporting table "Notification"...
✔️ Exported 48 rows from "Notification".
📦 Exporting table "Document"...
✔️ Exported 0 rows from "Document".
📦 Exporting table "ActivityLog"...
✔️ Exported 69 rows from "ActivityLog".
📦 Exporting table "OtpCode"...
✔️ Exported 24 rows from "OtpCode".
📦 Exporting table "WhatsappQueue"...
✔️ Exported 49 rows from "WhatsappQueue".
📦 Exporting table "PushSubscription"...
✔️ Exported 8 rows from "PushSubscription".

==================================================
🎉 DATABASE BACKUP COMPLETED SUCCESSFULLY!
📂 Saved to: C:\Users\prash\.gemini\antigravity\scratch\atul-residency\backups\backup-2026-07-14T20-30-17-399Z.json
==================================================

✉️ Syncing backup file to cloud inbox: sending to atultiwari123321@gmail.com...
❌ Failed to email database backup: Invalid login: 535-5.7.8 Username and Password not accepted. For more information, go to
535 5.7.8  https://support.google.com/mail/?p=BadCredentials 5a478bee46e88-313b0240570sm51694495eec.28 - gsmtp
🗑️ Cleaning up 1 old backup(s)...
  Deleted: backup-2026-06-27T08-30-13-509Z.json
✅ Kept 30 most recent backups.
[15-07-2026  2:00:19.65] Backup finished. 
 
[16-07-2026  0:28:59.21] Starting automated database backup... 
🔄 Connecting to PostgreSQL database...
(node:18584) Warning: SECURITY WARNING: The SSL modes 'prefer', 'require', and 'verify-ca' are treated as aliases for 'verify-full'.
In the next major version (pg-connection-string v3.0.0 and pg v9.0.0), these modes will adopt standard libpq semantics, which have weaker security guarantees.

To prepare for this change:
- If you want the current behavior, explicitly use 'sslmode=verify-full'
- If you want libpq compatibility now, use 'uselibpqcompat=true&sslmode=require'

See https://www.postgresql.org/docs/current/libpq-ssl.html for libpq SSL mode definitions.
(Use `node --trace-warnings ...` to show where the warning was created)
✅ Connected successfully.
📦 Exporting table "User"...
✔️ Exported 16 rows from "User".
📦 Exporting table "Tower"...
✔️ Exported 2 rows from "Tower".
📦 Exporting table "Room"...
✔️ Exported 34 rows from "Room".
📦 Exporting table "Tenant"...
✔️ Exported 14 rows from "Tenant".
📦 Exporting table "RentRecord"...
✔️ Exported 1 rows from "RentRecord".
📦 Exporting table "Payment"...
✔️ Exported 1 rows from "Payment".
📦 Exporting table "MaintenanceRequest"...
✔️ Exported 0 rows from "MaintenanceRequest".
📦 Exporting table "Notification"...
✔️ Exported 48 rows from "Notification".
📦 Exporting table "Document"...
✔️ Exported 0 rows from "Document".
📦 Exporting table "ActivityLog"...
✔️ Exported 69 rows from "ActivityLog".
📦 Exporting table "OtpCode"...
✔️ Exported 24 rows from "OtpCode".
📦 Exporting table "WhatsappQueue"...
✔️ Exported 49 rows from "WhatsappQueue".
📦 Exporting table "PushSubscription"...
✔️ Exported 8 rows from "PushSubscription".

==================================================
🎉 DATABASE BACKUP COMPLETED SUCCESSFULLY!
📂 Saved to: C:\Users\prash\.gemini\antigravity\scratch\atul-residency\backups\backup-2026-07-15T18-59-17-060Z.json
==================================================

✉️ Syncing backup file to cloud inbox: sending to atultiwari123321@gmail.com...
❌ Failed to email database backup: Invalid login: 535-5.7.8 Username and Password not accepted. For more information, go to
535 5.7.8  https://support.google.com/mail/?p=BadCredentials 5a478bee46e88-3140e6ec32bsm2910715eec.29 - gsmtp
🗑️ Cleaning up 1 old backup(s)...
  Deleted: backup-2026-06-27T20-30-12-765Z.json
✅ Kept 30 most recent backups.
[16-07-2026  0:29:18.76] Backup finished. 
 
[16-07-2026  9:29:25.26] Starting automated database backup... 
🔄 Connecting to PostgreSQL database...
(node:20972) Warning: SECURITY WARNING: The SSL modes 'prefer', 'require', and 'verify-ca' are treated as aliases for 'verify-full'.
In the next major version (pg-connection-string v3.0.0 and pg v9.0.0), these modes will adopt standard libpq semantics, which have weaker security guarantees.

To prepare for this change:
- If you want the current behavior, explicitly use 'sslmode=verify-full'
- If you want libpq compatibility now, use 'uselibpqcompat=true&sslmode=require'

See https://www.postgresql.org/docs/current/libpq-ssl.html for libpq SSL mode definitions.
(Use `node --trace-warnings ...` to show where the warning was created)
✅ Connected successfully.
📦 Exporting table "User"...
✔️ Exported 16 rows from "User".
📦 Exporting table "Tower"...
✔️ Exported 2 rows from "Tower".
📦 Exporting table "Room"...
✔️ Exported 34 rows from "Room".
📦 Exporting table "Tenant"...
✔️ Exported 14 rows from "Tenant".
📦 Exporting table "RentRecord"...
✔️ Exported 1 rows from "RentRecord".
📦 Exporting table "Payment"...
✔️ Exported 1 rows from "Payment".
📦 Exporting table "MaintenanceRequest"...
✔️ Exported 0 rows from "MaintenanceRequest".
📦 Exporting table "Notification"...
✔️ Exported 48 rows from "Notification".
📦 Exporting table "Document"...
✔️ Exported 0 rows from "Document".
📦 Exporting table "ActivityLog"...
✔️ Exported 69 rows from "ActivityLog".
📦 Exporting table "OtpCode"...
✔️ Exported 24 rows from "OtpCode".
📦 Exporting table "WhatsappQueue"...
✔️ Exported 49 rows from "WhatsappQueue".
📦 Exporting table "PushSubscription"...
✔️ Exported 8 rows from "PushSubscription".

==================================================
🎉 DATABASE BACKUP COMPLETED SUCCESSFULLY!
📂 Saved to: C:\Users\prash\.gemini\antigravity\scratch\atul-residency\backups\backup-2026-07-16T03-59-41-100Z.json
==================================================

✉️ Syncing backup file to cloud inbox: sending to atultiwari123321@gmail.com...
❌ Failed to email database backup: Invalid login: 535-5.7.8 Username and Password not accepted. For more information, go to
535 5.7.8  https://support.google.com/mail/?p=BadCredentials 5a478bee46e88-31413c78531sm3870474eec.27 - gsmtp
🗑️ Cleaning up 1 old backup(s)...
  Deleted: backup-2026-06-28T13-15-04-594Z.json
✅ Kept 30 most recent backups.
[16-07-2026  9:29:42.99] Backup finished. 
 
[16-07-2026 22:25:33.09] Starting automated database backup... 
🔄 Connecting to PostgreSQL database...
(node:20952) Warning: SECURITY WARNING: The SSL modes 'prefer', 'require', and 'verify-ca' are treated as aliases for 'verify-full'.
In the next major version (pg-connection-string v3.0.0 and pg v9.0.0), these modes will adopt standard libpq semantics, which have weaker security guarantees.

To prepare for this change:
- If you want the current behavior, explicitly use 'sslmode=verify-full'
- If you want libpq compatibility now, use 'uselibpqcompat=true&sslmode=require'

See https://www.postgresql.org/docs/current/libpq-ssl.html for libpq SSL mode definitions.
(Use `node --trace-warnings ...` to show where the warning was created)
✅ Connected successfully.
📦 Exporting table "User"...
✔️ Exported 16 rows from "User".
📦 Exporting table "Tower"...
✔️ Exported 2 rows from "Tower".
📦 Exporting table "Room"...
✔️ Exported 34 rows from "Room".
📦 Exporting table "Tenant"...
✔️ Exported 14 rows from "Tenant".
📦 Exporting table "RentRecord"...
✔️ Exported 1 rows from "RentRecord".
📦 Exporting table "Payment"...
✔️ Exported 1 rows from "Payment".
📦 Exporting table "MaintenanceRequest"...
✔️ Exported 0 rows from "MaintenanceRequest".
📦 Exporting table "Notification"...
✔️ Exported 48 rows from "Notification".
📦 Exporting table "Document"...
✔️ Exported 0 rows from "Document".
📦 Exporting table "ActivityLog"...
✔️ Exported 69 rows from "ActivityLog".
📦 Exporting table "OtpCode"...
✔️ Exported 24 rows from "OtpCode".
📦 Exporting table "WhatsappQueue"...
✔️ Exported 49 rows from "WhatsappQueue".
📦 Exporting table "PushSubscription"...
✔️ Exported 8 rows from "PushSubscription".

==================================================
🎉 DATABASE BACKUP COMPLETED SUCCESSFULLY!
📂 Saved to: C:\Users\prash\.gemini\antigravity\scratch\atul-residency\backups\backup-2026-07-16T16-55-46-990Z.json
==================================================

✉️ Syncing backup file to cloud inbox: sending to atultiwari123321@gmail.com...
❌ Failed to email database backup: Invalid login: 535-5.7.8 Username and Password not accepted. For more information, go to
535 5.7.8  https://support.google.com/mail/?p=BadCredentials 5a478bee46e88-3140e500e8fsm14809734eec.6 - gsmtp
🗑️ Cleaning up 1 old backup(s)...
  Deleted: backup-2026-06-28T20-30-14-019Z.json
✅ Kept 30 most recent backups.
[16-07-2026 22:25:49.21] Backup finished. 
 
[17-07-2026  9:41:34.61] Starting automated database backup... 
🔄 Connecting to PostgreSQL database...
(node:19816) Warning: SECURITY WARNING: The SSL modes 'prefer', 'require', and 'verify-ca' are treated as aliases for 'verify-full'.
In the next major version (pg-connection-string v3.0.0 and pg v9.0.0), these modes will adopt standard libpq semantics, which have weaker security guarantees.

To prepare for this change:
- If you want the current behavior, explicitly use 'sslmode=verify-full'
- If you want libpq compatibility now, use 'uselibpqcompat=true&sslmode=require'

See https://www.postgresql.org/docs/current/libpq-ssl.html for libpq SSL mode definitions.
(Use `node --trace-warnings ...` to show where the warning was created)
✅ Connected successfully.
📦 Exporting table "User"...
✔️ Exported 16 rows from "User".
📦 Exporting table "Tower"...
✔️ Exported 2 rows from "Tower".
📦 Exporting table "Room"...
✔️ Exported 34 rows from "Room".
📦 Exporting table "Tenant"...
✔️ Exported 14 rows from "Tenant".
📦 Exporting table "RentRecord"...
✔️ Exported 1 rows from "RentRecord".
📦 Exporting table "Payment"...
✔️ Exported 1 rows from "Payment".
📦 Exporting table "MaintenanceRequest"...
✔️ Exported 0 rows from "MaintenanceRequest".
📦 Exporting table "Notification"...
✔️ Exported 48 rows from "Notification".
📦 Exporting table "Document"...
✔️ Exported 0 rows from "Document".
📦 Exporting table "ActivityLog"...
✔️ Exported 69 rows from "ActivityLog".
📦 Exporting table "OtpCode"...
✔️ Exported 24 rows from "OtpCode".
📦 Exporting table "WhatsappQueue"...
✔️ Exported 49 rows from "WhatsappQueue".
📦 Exporting table "PushSubscription"...
✔️ Exported 8 rows from "PushSubscription".

==================================================
🎉 DATABASE BACKUP COMPLETED SUCCESSFULLY!
📂 Saved to: C:\Users\prash\.gemini\antigravity\scratch\atul-residency\backups\backup-2026-07-17T04-11-52-445Z.json
==================================================

✉️ Syncing backup file to cloud inbox: sending to atultiwari123321@gmail.com...
❌ Failed to email database backup: Invalid login: 535-5.7.8 Username and Password not accepted. For more information, go to
535 5.7.8  https://support.google.com/mail/?p=BadCredentials 5a478bee46e88-31429f9d444sm2211209eec.6 - gsmtp
🗑️ Cleaning up 1 old backup(s)...
  Deleted: backup-2026-06-29T14-30-17-628Z.json
✅ Kept 30 most recent backups.
[17-07-2026  9:41:56.07] Backup finished. 
 
[18-07-2026 14:28:26.16] Starting automated database backup... 
🔄 Connecting to PostgreSQL database...
(node:9340) Warning: SECURITY WARNING: The SSL modes 'prefer', 'require', and 'verify-ca' are treated as aliases for 'verify-full'.
In the next major version (pg-connection-string v3.0.0 and pg v9.0.0), these modes will adopt standard libpq semantics, which have weaker security guarantees.

To prepare for this change:
- If you want the current behavior, explicitly use 'sslmode=verify-full'
- If you want libpq compatibility now, use 'uselibpqcompat=true&sslmode=require'

See https://www.postgresql.org/docs/current/libpq-ssl.html for libpq SSL mode definitions.
(Use `node --trace-warnings ...` to show where the warning was created)
✅ Connected successfully.
📦 Exporting table "User"...
✔️ Exported 16 rows from "User".
📦 Exporting table "Tower"...
✔️ Exported 2 rows from "Tower".
📦 Exporting table "Room"...
✔️ Exported 34 rows from "Room".
📦 Exporting table "Tenant"...
✔️ Exported 14 rows from "Tenant".
📦 Exporting table "RentRecord"...
✔️ Exported 1 rows from "RentRecord".
📦 Exporting table "Payment"...
✔️ Exported 1 rows from "Payment".
📦 Exporting table "MaintenanceRequest"...
✔️ Exported 0 rows from "MaintenanceRequest".
📦 Exporting table "Notification"...
✔️ Exported 48 rows from "Notification".
📦 Exporting table "Document"...
✔️ Exported 0 rows from "Document".
📦 Exporting table "ActivityLog"...
✔️ Exported 69 rows from "ActivityLog".
📦 Exporting table "OtpCode"...
✔️ Exported 24 rows from "OtpCode".
📦 Exporting table "WhatsappQueue"...
✔️ Exported 49 rows from "WhatsappQueue".
📦 Exporting table "PushSubscription"...
✔️ Exported 8 rows from "PushSubscription".

==================================================
🎉 DATABASE BACKUP COMPLETED SUCCESSFULLY!
📂 Saved to: C:\Users\prash\.gemini\antigravity\scratch\atul-residency\backups\backup-2026-07-18T08-58-41-935Z.json
==================================================

✉️ Syncing backup file to cloud inbox: sending to atultiwari123321@gmail.com...
❌ Failed to email database backup: Invalid login: 535-5.7.8 Username and Password not accepted. For more information, go to
535 5.7.8  https://support.google.com/mail/?p=BadCredentials d9443c01a7336-2cf344b36f9sm25728065ad.23 - gsmtp
🗑️ Cleaning up 1 old backup(s)...
  Deleted: backup-2026-06-29T20-39-48-766Z.json
✅ Kept 30 most recent backups.
[18-07-2026 14:28:43.36] Backup finished. 
 
[19-07-2026 11:19:41.72] Starting automated database backup... 
🔄 Connecting to PostgreSQL database...
(node:13436) Warning: SECURITY WARNING: The SSL modes 'prefer', 'require', and 'verify-ca' are treated as aliases for 'verify-full'.
In the next major version (pg-connection-string v3.0.0 and pg v9.0.0), these modes will adopt standard libpq semantics, which have weaker security guarantees.

To prepare for this change:
- If you want the current behavior, explicitly use 'sslmode=verify-full'
- If you want libpq compatibility now, use 'uselibpqcompat=true&sslmode=require'

See https://www.postgresql.org/docs/current/libpq-ssl.html for libpq SSL mode definitions.
(Use `node --trace-warnings ...` to show where the warning was created)
✅ Connected successfully.
📦 Exporting table "User"...
✔️ Exported 16 rows from "User".
📦 Exporting table "Tower"...
✔️ Exported 2 rows from "Tower".
📦 Exporting table "Room"...
✔️ Exported 34 rows from "Room".
📦 Exporting table "Tenant"...
✔️ Exported 14 rows from "Tenant".
📦 Exporting table "RentRecord"...
✔️ Exported 1 rows from "RentRecord".
📦 Exporting table "Payment"...
✔️ Exported 1 rows from "Payment".
📦 Exporting table "MaintenanceRequest"...
✔️ Exported 0 rows from "MaintenanceRequest".
📦 Exporting table "Notification"...
✔️ Exported 48 rows from "Notification".
📦 Exporting table "Document"...
✔️ Exported 0 rows from "Document".
📦 Exporting table "ActivityLog"...
✔️ Exported 69 rows from "ActivityLog".
📦 Exporting table "OtpCode"...
✔️ Exported 24 rows from "OtpCode".
📦 Exporting table "WhatsappQueue"...
✔️ Exported 49 rows from "WhatsappQueue".
📦 Exporting table "PushSubscription"...
✔️ Exported 8 rows from "PushSubscription".

==================================================
🎉 DATABASE BACKUP COMPLETED SUCCESSFULLY!
📂 Saved to: C:\Users\prash\.gemini\antigravity\scratch\atul-residency\backups\backup-2026-07-19T05-49-58-981Z.json
==================================================

✉️ Syncing backup file to cloud inbox: sending to atultiwari123321@gmail.com...
❌ Failed to email database backup: Invalid login: 535-5.7.8 Username and Password not accepted. For more information, go to
535 5.7.8  https://support.google.com/mail/?p=BadCredentials 5a478bee46e88-31429fdbd45sm23150726eec.12 - gsmtp
🗑️ Cleaning up 1 old backup(s)...
  Deleted: backup-2026-06-30T16-55-18-916Z.json
✅ Kept 30 most recent backups.
[19-07-2026 11:20:00.83] Backup finished. 
 
[19-07-2026 14:42:18.78] Starting automated database backup... 
🔄 Connecting to PostgreSQL database...
(node:13972) Warning: SECURITY WARNING: The SSL modes 'prefer', 'require', and 'verify-ca' are treated as aliases for 'verify-full'.
In the next major version (pg-connection-string v3.0.0 and pg v9.0.0), these modes will adopt standard libpq semantics, which have weaker security guarantees.

To prepare for this change:
- If you want the current behavior, explicitly use 'sslmode=verify-full'
- If you want libpq compatibility now, use 'uselibpqcompat=true&sslmode=require'

See https://www.postgresql.org/docs/current/libpq-ssl.html for libpq SSL mode definitions.
(Use `node --trace-warnings ...` to show where the warning was created)
node:internal/process/promises:332
    triggerUncaughtException(err, true /* fromPromise */);
    ^

Error: getaddrinfo ENOTFOUND ep-billowing-star-ajgbsm9e-pooler.c-3.us-east-2.aws.neon.tech
    at GetAddrInfoReqWrap.onlookupall [as oncomplete] (node:dns:121:26) {
  errno: -3008,
  code: 'ENOTFOUND',
  syscall: 'getaddrinfo',
  hostname: 'ep-billowing-star-ajgbsm9e-pooler.c-3.us-east-2.aws.neon.tech'
}

Node.js v25.6.1
[19-07-2026 15:18:49.17] Backup finished. 
 
[20-07-2026  9:28:04.40] Starting automated database backup... 
🔄 Connecting to PostgreSQL database...
(node:4224) Warning: SECURITY WARNING: The SSL modes 'prefer', 'require', and 'verify-ca' are treated as aliases for 'verify-full'.
In the next major version (pg-connection-string v3.0.0 and pg v9.0.0), these modes will adopt standard libpq semantics, which have weaker security guarantees.

To prepare for this change:
- If you want the current behavior, explicitly use 'sslmode=verify-full'
- If you want libpq compatibility now, use 'uselibpqcompat=true&sslmode=require'

See https://www.postgresql.org/docs/current/libpq-ssl.html for libpq SSL mode definitions.
(Use `node --trace-warnings ...` to show where the warning was created)
✅ Connected successfully.
📦 Exporting table "User"...
✔️ Exported 16 rows from "User".
📦 Exporting table "Tower"...
✔️ Exported 2 rows from "Tower".
📦 Exporting table "Room"...
✔️ Exported 34 rows from "Room".
📦 Exporting table "Tenant"...
✔️ Exported 14 rows from "Tenant".
📦 Exporting table "RentRecord"...
✔️ Exported 1 rows from "RentRecord".
📦 Exporting table "Payment"...
✔️ Exported 1 rows from "Payment".
📦 Exporting table "MaintenanceRequest"...
✔️ Exported 0 rows from "MaintenanceRequest".
📦 Exporting table "Notification"...
✔️ Exported 48 rows from "Notification".
📦 Exporting table "Document"...
✔️ Exported 0 rows from "Document".
📦 Exporting table "ActivityLog"...
✔️ Exported 69 rows from "ActivityLog".
📦 Exporting table "OtpCode"...
✔️ Exported 24 rows from "OtpCode".
📦 Exporting table "WhatsappQueue"...
✔️ Exported 49 rows from "WhatsappQueue".
📦 Exporting table "PushSubscription"...
✔️ Exported 8 rows from "PushSubscription".

==================================================
🎉 DATABASE BACKUP COMPLETED SUCCESSFULLY!
📂 Saved to: C:\Users\prash\.gemini\antigravity\scratch\atul-residency\backups\backup-2026-07-20T03-58-19-636Z.json
==================================================

✉️ Syncing backup file to cloud inbox: sending to atultiwari123321@gmail.com...
❌ Failed to email database backup: Invalid login: 535-5.7.8 Username and Password not accepted. For more information, go to
535 5.7.8  https://support.google.com/mail/?p=BadCredentials a92af1059eb24-13ce2de31a7sm26341674c88.15 - gsmtp
🗑️ Cleaning up 1 old backup(s)...
  Deleted: backup-2026-07-01T03-40-36-250Z.json
✅ Kept 30 most recent backups.
[20-07-2026  9:28:22.54] Backup finished. 
 
[20-07-2026 16:59:22.92] Starting automated database backup... 
🔄 Connecting to PostgreSQL database...
(node:9748) Warning: SECURITY WARNING: The SSL modes 'prefer', 'require', and 'verify-ca' are treated as aliases for 'verify-full'.
In the next major version (pg-connection-string v3.0.0 and pg v9.0.0), these modes will adopt standard libpq semantics, which have weaker security guarantees.

To prepare for this change:
- If you want the current behavior, explicitly use 'sslmode=verify-full'
- If you want libpq compatibility now, use 'uselibpqcompat=true&sslmode=require'

See https://www.postgresql.org/docs/current/libpq-ssl.html for libpq SSL mode definitions.
(Use `node --trace-warnings ...` to show where the warning was created)
✅ Connected successfully.
📦 Exporting table "User"...
✔️ Exported 16 rows from "User".
📦 Exporting table "Tower"...
✔️ Exported 2 rows from "Tower".
📦 Exporting table "Room"...
✔️ Exported 34 rows from "Room".
📦 Exporting table "Tenant"...
✔️ Exported 14 rows from "Tenant".
📦 Exporting table "RentRecord"...
✔️ Exported 1 rows from "RentRecord".
📦 Exporting table "Payment"...
✔️ Exported 1 rows from "Payment".
📦 Exporting table "MaintenanceRequest"...
✔️ Exported 0 rows from "MaintenanceRequest".
📦 Exporting table "Notification"...
✔️ Exported 48 rows from "Notification".
📦 Exporting table "Document"...
✔️ Exported 0 rows from "Document".
📦 Exporting table "ActivityLog"...
✔️ Exported 69 rows from "ActivityLog".
📦 Exporting table "OtpCode"...
✔️ Exported 24 rows from "OtpCode".
📦 Exporting table "WhatsappQueue"...
✔️ Exported 49 rows from "WhatsappQueue".
📦 Exporting table "PushSubscription"...
✔️ Exported 8 rows from "PushSubscription".

==================================================
🎉 DATABASE BACKUP COMPLETED SUCCESSFULLY!
📂 Saved to: C:\Users\prash\.gemini\antigravity\scratch\atul-residency\backups\backup-2026-07-20T11-29-39-198Z.json
==================================================

✉️ Syncing backup file to cloud inbox: sending to atultiwari123321@gmail.com...
❌ Failed to email database backup: Invalid login: 535-5.7.8 Username and Password not accepted. For more information, go to
535 5.7.8  https://support.google.com/mail/?p=BadCredentials 98e67ed59e1d1-38e39bc2c2esm7739136a91.0 - gsmtp
🗑️ Cleaning up 1 old backup(s)...
  Deleted: backup-2026-07-02T09-02-33-857Z.json
✅ Kept 30 most recent backups.
[20-07-2026 16:59:40.70] Backup finished. 
 
[21-07-2026  9:29:16.61] Starting automated database backup... 
🔄 Connecting to PostgreSQL database...
(node:4536) Warning: SECURITY WARNING: The SSL modes 'prefer', 'require', and 'verify-ca' are treated as aliases for 'verify-full'.
In the next major version (pg-connection-string v3.0.0 and pg v9.0.0), these modes will adopt standard libpq semantics, which have weaker security guarantees.

To prepare for this change:
- If you want the current behavior, explicitly use 'sslmode=verify-full'
- If you want libpq compatibility now, use 'uselibpqcompat=true&sslmode=require'

See https://www.postgresql.org/docs/current/libpq-ssl.html for libpq SSL mode definitions.
(Use `node --trace-warnings ...` to show where the warning was created)
✅ Connected successfully.
📦 Exporting table "User"...
✔️ Exported 16 rows from "User".
📦 Exporting table "Tower"...
✔️ Exported 2 rows from "Tower".
📦 Exporting table "Room"...
✔️ Exported 34 rows from "Room".
📦 Exporting table "Tenant"...
✔️ Exported 14 rows from "Tenant".
📦 Exporting table "RentRecord"...
✔️ Exported 1 rows from "RentRecord".
📦 Exporting table "Payment"...
✔️ Exported 1 rows from "Payment".
📦 Exporting table "MaintenanceRequest"...
✔️ Exported 0 rows from "MaintenanceRequest".
📦 Exporting table "Notification"...
✔️ Exported 48 rows from "Notification".
📦 Exporting table "Document"...
✔️ Exported 0 rows from "Document".
📦 Exporting table "ActivityLog"...
✔️ Exported 69 rows from "ActivityLog".
📦 Exporting table "OtpCode"...
✔️ Exported 24 rows from "OtpCode".
📦 Exporting table "WhatsappQueue"...
✔️ Exported 49 rows from "WhatsappQueue".
📦 Exporting table "PushSubscription"...
✔️ Exported 8 rows from "PushSubscription".

==================================================
🎉 DATABASE BACKUP COMPLETED SUCCESSFULLY!
📂 Saved to: C:\Users\prash\.gemini\antigravity\scratch\atul-residency\backups\backup-2026-07-21T03-59-32-326Z.json
==================================================

✉️ Syncing backup file to cloud inbox: sending to atultiwari123321@gmail.com...
❌ Failed to email database backup: Invalid login: 535-5.7.8 Username and Password not accepted. For more information, go to
535 5.7.8  https://support.google.com/mail/?p=BadCredentials a92af1059eb24-13ce29c2dcdsm38964203c88.1 - gsmtp
🗑️ Cleaning up 1 old backup(s)...
  Deleted: backup-2026-07-02T20-30-15-729Z.json
✅ Kept 30 most recent backups.
[21-07-2026  9:29:34.60] Backup finished. 
 
[21-07-2026 22:59:03.13] Starting automated database backup... 
🔄 Connecting to PostgreSQL database...
(node:13592) Warning: SECURITY WARNING: The SSL modes 'prefer', 'require', and 'verify-ca' are treated as aliases for 'verify-full'.
In the next major version (pg-connection-string v3.0.0 and pg v9.0.0), these modes will adopt standard libpq semantics, which have weaker security guarantees.

To prepare for this change:
- If you want the current behavior, explicitly use 'sslmode=verify-full'
- If you want libpq compatibility now, use 'uselibpqcompat=true&sslmode=require'

See https://www.postgresql.org/docs/current/libpq-ssl.html for libpq SSL mode definitions.
(Use `node --trace-warnings ...` to show where the warning was created)
✅ Connected successfully.
📦 Exporting table "User"...
✔️ Exported 16 rows from "User".
📦 Exporting table "Tower"...
✔️ Exported 2 rows from "Tower".
📦 Exporting table "Room"...
✔️ Exported 34 rows from "Room".
📦 Exporting table "Tenant"...
✔️ Exported 14 rows from "Tenant".
📦 Exporting table "RentRecord"...
✔️ Exported 1 rows from "RentRecord".
📦 Exporting table "Payment"...
✔️ Exported 1 rows from "Payment".
📦 Exporting table "MaintenanceRequest"...
✔️ Exported 0 rows from "MaintenanceRequest".
📦 Exporting table "Notification"...
✔️ Exported 48 rows from "Notification".
📦 Exporting table "Document"...
✔️ Exported 0 rows from "Document".
📦 Exporting table "ActivityLog"...
✔️ Exported 69 rows from "ActivityLog".
📦 Exporting table "OtpCode"...
✔️ Exported 24 rows from "OtpCode".
📦 Exporting table "WhatsappQueue"...
✔️ Exported 49 rows from "WhatsappQueue".
📦 Exporting table "PushSubscription"...
✔️ Exported 8 rows from "PushSubscription".

==================================================
🎉 DATABASE BACKUP COMPLETED SUCCESSFULLY!
📂 Saved to: C:\Users\prash\.gemini\antigravity\scratch\atul-residency\backups\backup-2026-07-21T17-29-18-695Z.json
==================================================

✉️ Syncing backup file to cloud inbox: sending to atultiwari123321@gmail.com...
❌ Failed to email database backup: Invalid login: 535-5.7.8 Username and Password not accepted. For more information, go to
535 5.7.8  https://support.google.com/mail/?p=BadCredentials 5a478bee46e88-3147e1c7ff4sm732885eec.27 - gsmtp
🗑️ Cleaning up 1 old backup(s)...
  Deleted: backup-2026-07-03T20-46-41-316Z.json
✅ Kept 30 most recent backups.
[21-07-2026 22:59:20.37] Backup finished. 
 
[22-07-2026  2:00:01.37] Starting automated database backup... 
🔄 Connecting to PostgreSQL database...
(node:12848) Warning: SECURITY WARNING: The SSL modes 'prefer', 'require', and 'verify-ca' are treated as aliases for 'verify-full'.
In the next major version (pg-connection-string v3.0.0 and pg v9.0.0), these modes will adopt standard libpq semantics, which have weaker security guarantees.

To prepare for this change:
- If you want the current behavior, explicitly use 'sslmode=verify-full'
- If you want libpq compatibility now, use 'uselibpqcompat=true&sslmode=require'

See https://www.postgresql.org/docs/current/libpq-ssl.html for libpq SSL mode definitions.
(Use `node --trace-warnings ...` to show where the warning was created)
✅ Connected successfully.
📦 Exporting table "User"...
✔️ Exported 16 rows from "User".
📦 Exporting table "Tower"...
✔️ Exported 2 rows from "Tower".
📦 Exporting table "Room"...
✔️ Exported 34 rows from "Room".
📦 Exporting table "Tenant"...
✔️ Exported 14 rows from "Tenant".
📦 Exporting table "RentRecord"...
✔️ Exported 1 rows from "RentRecord".
📦 Exporting table "Payment"...
✔️ Exported 1 rows from "Payment".
📦 Exporting table "MaintenanceRequest"...
✔️ Exported 0 rows from "MaintenanceRequest".
📦 Exporting table "Notification"...
✔️ Exported 48 rows from "Notification".
📦 Exporting table "Document"...
✔️ Exported 0 rows from "Document".
📦 Exporting table "ActivityLog"...
✔️ Exported 69 rows from "ActivityLog".
📦 Exporting table "OtpCode"...
✔️ Exported 24 rows from "OtpCode".
📦 Exporting table "WhatsappQueue"...
✔️ Exported 49 rows from "WhatsappQueue".
📦 Exporting table "PushSubscription"...
✔️ Exported 8 rows from "PushSubscription".

==================================================
🎉 DATABASE BACKUP COMPLETED SUCCESSFULLY!
📂 Saved to: C:\Users\prash\.gemini\antigravity\scratch\atul-residency\backups\backup-2026-07-21T20-30-14-592Z.json
==================================================

✉️ Syncing backup file to cloud inbox: sending to atultiwari123321@gmail.com...
❌ Failed to email database backup: Invalid login: 535-5.7.8 Username and Password not accepted. For more information, go to
535 5.7.8  https://support.google.com/mail/?p=BadCredentials 5a478bee46e88-3147e07000fsm3577333eec.21 - gsmtp
🗑️ Cleaning up 1 old backup(s)...
  Deleted: backup-2026-07-04T22-05-17-204Z.json
✅ Kept 30 most recent backups.
[22-07-2026  2:00:17.56] Backup finished. 
 
[22-07-2026 16:55:48.90] Starting automated database backup... 
🔄 Connecting to PostgreSQL database...
(node:6724) Warning: SECURITY WARNING: The SSL modes 'prefer', 'require', and 'verify-ca' are treated as aliases for 'verify-full'.
In the next major version (pg-connection-string v3.0.0 and pg v9.0.0), these modes will adopt standard libpq semantics, which have weaker security guarantees.

To prepare for this change:
- If you want the current behavior, explicitly use 'sslmode=verify-full'
- If you want libpq compatibility now, use 'uselibpqcompat=true&sslmode=require'

See https://www.postgresql.org/docs/current/libpq-ssl.html for libpq SSL mode definitions.
(Use `node --trace-warnings ...` to show where the warning was created)
✅ Connected successfully.
📦 Exporting table "User"...
✔️ Exported 16 rows from "User".
📦 Exporting table "Tower"...
✔️ Exported 2 rows from "Tower".
📦 Exporting table "Room"...
✔️ Exported 34 rows from "Room".
📦 Exporting table "Tenant"...
✔️ Exported 14 rows from "Tenant".
📦 Exporting table "RentRecord"...
✔️ Exported 1 rows from "RentRecord".
📦 Exporting table "Payment"...
✔️ Exported 1 rows from "Payment".
📦 Exporting table "MaintenanceRequest"...
✔️ Exported 0 rows from "MaintenanceRequest".
📦 Exporting table "Notification"...
✔️ Exported 48 rows from "Notification".
📦 Exporting table "Document"...
✔️ Exported 0 rows from "Document".
📦 Exporting table "ActivityLog"...
✔️ Exported 69 rows from "ActivityLog".
📦 Exporting table "OtpCode"...
✔️ Exported 24 rows from "OtpCode".
📦 Exporting table "WhatsappQueue"...
✔️ Exported 49 rows from "WhatsappQueue".
📦 Exporting table "PushSubscription"...
✔️ Exported 8 rows from "PushSubscription".

==================================================
🎉 DATABASE BACKUP COMPLETED SUCCESSFULLY!
📂 Saved to: C:\Users\prash\.gemini\antigravity\scratch\atul-residency\backups\backup-2026-07-22T11-26-02-788Z.json
==================================================

✉️ Syncing backup file to cloud inbox: sending to atultiwari123321@gmail.com...
❌ Failed to email database backup: Invalid login: 535-5.7.8 Username and Password not accepted. For more information, go to
535 5.7.8  https://support.google.com/mail/?p=BadCredentials d9443c01a7336-2cf8efde5cfsm13170115ad.31 - gsmtp
🗑️ Cleaning up 1 old backup(s)...
  Deleted: backup-2026-07-05T16-47-13-647Z.json
✅ Kept 30 most recent backups.
[22-07-2026 16:56:04.73] Backup finished. 
 
[23-07-2026  9:36:37.32] Starting automated database backup... 
🔄 Connecting to PostgreSQL database...
(node:7508) Warning: SECURITY WARNING: The SSL modes 'prefer', 'require', and 'verify-ca' are treated as aliases for 'verify-full'.
In the next major version (pg-connection-string v3.0.0 and pg v9.0.0), these modes will adopt standard libpq semantics, which have weaker security guarantees.

To prepare for this change:
- If you want the current behavior, explicitly use 'sslmode=verify-full'
- If you want libpq compatibility now, use 'uselibpqcompat=true&sslmode=require'

See https://www.postgresql.org/docs/current/libpq-ssl.html for libpq SSL mode definitions.
(Use `node --trace-warnings ...` to show where the warning was created)
✅ Connected successfully.
📦 Exporting table "User"...
✔️ Exported 16 rows from "User".
📦 Exporting table "Tower"...
✔️ Exported 2 rows from "Tower".
📦 Exporting table "Room"...
✔️ Exported 34 rows from "Room".
📦 Exporting table "Tenant"...
✔️ Exported 14 rows from "Tenant".
📦 Exporting table "RentRecord"...
✔️ Exported 1 rows from "RentRecord".
📦 Exporting table "Payment"...
✔️ Exported 1 rows from "Payment".
📦 Exporting table "MaintenanceRequest"...
✔️ Exported 0 rows from "MaintenanceRequest".
📦 Exporting table "Notification"...
✔️ Exported 48 rows from "Notification".
📦 Exporting table "Document"...
✔️ Exported 0 rows from "Document".
📦 Exporting table "ActivityLog"...
✔️ Exported 69 rows from "ActivityLog".
📦 Exporting table "OtpCode"...
✔️ Exported 24 rows from "OtpCode".
📦 Exporting table "WhatsappQueue"...
✔️ Exported 49 rows from "WhatsappQueue".
📦 Exporting table "PushSubscription"...
✔️ Exported 8 rows from "PushSubscription".

==================================================
🎉 DATABASE BACKUP COMPLETED SUCCESSFULLY!
📂 Saved to: C:\Users\prash\.gemini\antigravity\scratch\atul-residency\backups\backup-2026-07-23T04-06-54-766Z.json
==================================================

✉️ Syncing backup file to cloud inbox: sending to atultiwari123321@gmail.com...
❌ Failed to email database backup: Invalid login: 535-5.7.8 Username and Password not accepted. For more information, go to
535 5.7.8  https://support.google.com/mail/?p=BadCredentials 5a478bee46e88-3147e07000fsm27684160eec.21 - gsmtp
🗑️ Cleaning up 1 old backup(s)...
  Deleted: backup-2026-07-05T20-30-15-774Z.json
✅ Kept 30 most recent backups.
[23-07-2026  9:36:56.81] Backup finished. 
 
[24-07-2026  0:53:45.01] Starting automated database backup... 
🔄 Connecting to PostgreSQL database...
(node:10776) Warning: SECURITY WARNING: The SSL modes 'prefer', 'require', and 'verify-ca' are treated as aliases for 'verify-full'.
In the next major version (pg-connection-string v3.0.0 and pg v9.0.0), these modes will adopt standard libpq semantics, which have weaker security guarantees.

To prepare for this change:
- If you want the current behavior, explicitly use 'sslmode=verify-full'
- If you want libpq compatibility now, use 'uselibpqcompat=true&sslmode=require'

See https://www.postgresql.org/docs/current/libpq-ssl.html for libpq SSL mode definitions.
(Use `node --trace-warnings ...` to show where the warning was created)
✅ Connected successfully.
📦 Exporting table "User"...
✔️ Exported 16 rows from "User".
📦 Exporting table "Tower"...
✔️ Exported 2 rows from "Tower".
📦 Exporting table "Room"...
✔️ Exported 34 rows from "Room".
📦 Exporting table "Tenant"...
✔️ Exported 14 rows from "Tenant".
📦 Exporting table "RentRecord"...
✔️ Exported 1 rows from "RentRecord".
📦 Exporting table "Payment"...
✔️ Exported 1 rows from "Payment".
📦 Exporting table "MaintenanceRequest"...
✔️ Exported 0 rows from "MaintenanceRequest".
📦 Exporting table "Notification"...
✔️ Exported 48 rows from "Notification".
📦 Exporting table "Document"...
✔️ Exported 0 rows from "Document".
📦 Exporting table "ActivityLog"...
✔️ Exported 69 rows from "ActivityLog".
📦 Exporting table "OtpCode"...
✔️ Exported 24 rows from "OtpCode".
📦 Exporting table "WhatsappQueue"...
✔️ Exported 49 rows from "WhatsappQueue".
📦 Exporting table "PushSubscription"...
✔️ Exported 8 rows from "PushSubscription".

==================================================
🎉 DATABASE BACKUP COMPLETED SUCCESSFULLY!
📂 Saved to: C:\Users\prash\.gemini\antigravity\scratch\atul-residency\backups\backup-2026-07-23T19-23-59-904Z.json
==================================================

✉️ Syncing backup file to cloud inbox: sending to atultiwari123321@gmail.com...
❌ Failed to email database backup: Invalid login: 535-5.7.8 Username and Password not accepted. For more information, go to
535 5.7.8  https://support.google.com/mail/?p=BadCredentials 5a478bee46e88-3147e07000fsm42125048eec.21 - gsmtp
🗑️ Cleaning up 1 old backup(s)...
  Deleted: backup-2026-07-06T04-14-21-717Z.json
✅ Kept 30 most recent backups.
[24-07-2026  0:54:01.86] Backup finished. 
 
[24-07-2026  2:00:01.21] Starting automated database backup... 
🔄 Connecting to PostgreSQL database...
(node:17444) Warning: SECURITY WARNING: The SSL modes 'prefer', 'require', and 'verify-ca' are treated as aliases for 'verify-full'.
In the next major version (pg-connection-string v3.0.0 and pg v9.0.0), these modes will adopt standard libpq semantics, which have weaker security guarantees.

To prepare for this change:
- If you want the current behavior, explicitly use 'sslmode=verify-full'
- If you want libpq compatibility now, use 'uselibpqcompat=true&sslmode=require'

See https://www.postgresql.org/docs/current/libpq-ssl.html for libpq SSL mode definitions.
(Use `node --trace-warnings ...` to show where the warning was created)
[25-07-2026  0:32:25.97] Starting automated database backup... 
🔄 Connecting to PostgreSQL database...
(node:17916) Warning: SECURITY WARNING: The SSL modes 'prefer', 'require', and 'verify-ca' are treated as aliases for 'verify-full'.
In the next major version (pg-connection-string v3.0.0 and pg v9.0.0), these modes will adopt standard libpq semantics, which have weaker security guarantees.

To prepare for this change:
- If you want the current behavior, explicitly use 'sslmode=verify-full'
- If you want libpq compatibility now, use 'uselibpqcompat=true&sslmode=require'

See https://www.postgresql.org/docs/current/libpq-ssl.html for libpq SSL mode definitions.
(Use `node --trace-warnings ...` to show where the warning was created)
node:internal/process/promises:332
    triggerUncaughtException(err, true /* fromPromise */);
    ^

Error: getaddrinfo ENOTFOUND ep-billowing-star-ajgbsm9e-pooler.c-3.us-east-2.aws.neon.tech
    at GetAddrInfoReqWrap.onlookupall [as oncomplete] (node:dns:121:26) {
  errno: -3008,
  code: 'ENOTFOUND',
  syscall: 'getaddrinfo',
  hostname: 'ep-billowing-star-ajgbsm9e-pooler.c-3.us-east-2.aws.neon.tech'
}

Node.js v25.6.1
[25-07-2026  0:32:31.62] Backup finished. 
 
[25-07-2026  9:21:12.51] Starting automated database backup... 
🔄 Connecting to PostgreSQL database...
(node:14112) Warning: SECURITY WARNING: The SSL modes 'prefer', 'require', and 'verify-ca' are treated as aliases for 'verify-full'.
In the next major version (pg-connection-string v3.0.0 and pg v9.0.0), these modes will adopt standard libpq semantics, which have weaker security guarantees.

To prepare for this change:
- If you want the current behavior, explicitly use 'sslmode=verify-full'
- If you want libpq compatibility now, use 'uselibpqcompat=true&sslmode=require'

See https://www.postgresql.org/docs/current/libpq-ssl.html for libpq SSL mode definitions.
(Use `node --trace-warnings ...` to show where the warning was created)
✅ Connected successfully.
📦 Exporting table "User"...
✔️ Exported 16 rows from "User".
📦 Exporting table "Tower"...
✔️ Exported 2 rows from "Tower".
📦 Exporting table "Room"...
✔️ Exported 34 rows from "Room".
📦 Exporting table "Tenant"...
✔️ Exported 14 rows from "Tenant".
📦 Exporting table "RentRecord"...
✔️ Exported 1 rows from "RentRecord".
📦 Exporting table "Payment"...
✔️ Exported 1 rows from "Payment".
📦 Exporting table "MaintenanceRequest"...
✔️ Exported 0 rows from "MaintenanceRequest".
📦 Exporting table "Notification"...
✔️ Exported 48 rows from "Notification".
📦 Exporting table "Document"...
✔️ Exported 0 rows from "Document".
📦 Exporting table "ActivityLog"...
✔️ Exported 69 rows from "ActivityLog".
📦 Exporting table "OtpCode"...
✔️ Exported 24 rows from "OtpCode".
📦 Exporting table "WhatsappQueue"...
✔️ Exported 49 rows from "WhatsappQueue".
📦 Exporting table "PushSubscription"...
✔️ Exported 8 rows from "PushSubscription".

==================================================
🎉 DATABASE BACKUP COMPLETED SUCCESSFULLY!
📂 Saved to: C:\Users\prash\.gemini\antigravity\scratch\atul-residency\backups\backup-2026-07-25T03-51-29-715Z.json
==================================================

✉️ Syncing backup file to cloud inbox: sending to atultiwari123321@gmail.com...
❌ Failed to email database backup: Invalid login: 535-5.7.8 Username and Password not accepted. For more information, go to
535 5.7.8  https://support.google.com/mail/?p=BadCredentials 5a478bee46e88-314bc3e1290sm5034642eec.1 - gsmtp
🗑️ Cleaning up 1 old backup(s)...
  Deleted: backup-2026-07-06T20-30-14-842Z.json
✅ Kept 30 most recent backups.
[25-07-2026  9:21:31.84] Backup finished. 
 
[26-07-2026 16:36:19.14] Starting automated database backup... 
🔄 Connecting to PostgreSQL database...
(node:2260) Warning: SECURITY WARNING: The SSL modes 'prefer', 'require', and 'verify-ca' are treated as aliases for 'verify-full'.
In the next major version (pg-connection-string v3.0.0 and pg v9.0.0), these modes will adopt standard libpq semantics, which have weaker security guarantees.

To prepare for this change:
- If you want the current behavior, explicitly use 'sslmode=verify-full'
- If you want libpq compatibility now, use 'uselibpqcompat=true&sslmode=require'

See https://www.postgresql.org/docs/current/libpq-ssl.html for libpq SSL mode definitions.
(Use `node --trace-warnings ...` to show where the warning was created)
✅ Connected successfully.
📦 Exporting table "User"...
✔️ Exported 16 rows from "User".
📦 Exporting table "Tower"...
✔️ Exported 2 rows from "Tower".
📦 Exporting table "Room"...
✔️ Exported 34 rows from "Room".
📦 Exporting table "Tenant"...
✔️ Exported 14 rows from "Tenant".
📦 Exporting table "RentRecord"...
✔️ Exported 1 rows from "RentRecord".
📦 Exporting table "Payment"...
✔️ Exported 1 rows from "Payment".
📦 Exporting table "MaintenanceRequest"...
✔️ Exported 0 rows from "MaintenanceRequest".
📦 Exporting table "Notification"...
✔️ Exported 48 rows from "Notification".
📦 Exporting table "Document"...
✔️ Exported 0 rows from "Document".
📦 Exporting table "ActivityLog"...
✔️ Exported 69 rows from "ActivityLog".
📦 Exporting table "OtpCode"...
✔️ Exported 24 rows from "OtpCode".
📦 Exporting table "WhatsappQueue"...
✔️ Exported 49 rows from "WhatsappQueue".
📦 Exporting table "PushSubscription"...
✔️ Exported 8 rows from "PushSubscription".

==================================================
🎉 DATABASE BACKUP COMPLETED SUCCESSFULLY!
📂 Saved to: C:\Users\prash\.gemini\antigravity\scratch\atul-residency\backups\backup-2026-07-26T11-06-45-148Z.json
==================================================

✉️ Syncing backup file to cloud inbox: sending to atultiwari123321@gmail.com...
❌ Failed to email database backup: Invalid login: 535-5.7.8 Username and Password not accepted. For more information, go to
535 5.7.8  https://support.google.com/mail/?p=BadCredentials a92af1059eb24-13d130f55c6sm70578457c88.15 - gsmtp
🗑️ Cleaning up 1 old backup(s)...
  Deleted: backup-2026-07-07T16-55-33-161Z.json
✅ Kept 30 most recent backups.
[26-07-2026 16:36:48.05] Backup finished. 
 
[27-07-2026  2:00:01.81] Starting automated database backup... 
🔄 Connecting to PostgreSQL database...
(node:23336) Warning: SECURITY WARNING: The SSL modes 'prefer', 'require', and 'verify-ca' are treated as aliases for 'verify-full'.
In the next major version (pg-connection-string v3.0.0 and pg v9.0.0), these modes will adopt standard libpq semantics, which have weaker security guarantees.

To prepare for this change:
- If you want the current behavior, explicitly use 'sslmode=verify-full'
- If you want libpq compatibility now, use 'uselibpqcompat=true&sslmode=require'

See https://www.postgresql.org/docs/current/libpq-ssl.html for libpq SSL mode definitions.
(Use `node --trace-warnings ...` to show where the warning was created)
✅ Connected successfully.
📦 Exporting table "User"...
✔️ Exported 16 rows from "User".
📦 Exporting table "Tower"...
✔️ Exported 2 rows from "Tower".
📦 Exporting table "Room"...
✔️ Exported 34 rows from "Room".
📦 Exporting table "Tenant"...
✔️ Exported 14 rows from "Tenant".
📦 Exporting table "RentRecord"...
✔️ Exported 1 rows from "RentRecord".
📦 Exporting table "Payment"...
✔️ Exported 1 rows from "Payment".
📦 Exporting table "MaintenanceRequest"...
✔️ Exported 0 rows from "MaintenanceRequest".
📦 Exporting table "Notification"...
✔️ Exported 48 rows from "Notification".
📦 Exporting table "Document"...
✔️ Exported 0 rows from "Document".
📦 Exporting table "ActivityLog"...
✔️ Exported 69 rows from "ActivityLog".
📦 Exporting table "OtpCode"...
✔️ Exported 24 rows from "OtpCode".
📦 Exporting table "WhatsappQueue"...
✔️ Exported 49 rows from "WhatsappQueue".
📦 Exporting table "PushSubscription"...
✔️ Exported 8 rows from "PushSubscription".

==================================================
🎉 DATABASE BACKUP COMPLETED SUCCESSFULLY!
📂 Saved to: C:\Users\prash\.gemini\antigravity\scratch\atul-residency\backups\backup-2026-07-26T20-30-17-064Z.json
==================================================

✉️ Syncing backup file to cloud inbox: sending to atultiwari123321@gmail.com...
❌ Failed to email database backup: Invalid login: 535-5.7.8 Username and Password not accepted. For more information, go to
535 5.7.8  https://support.google.com/mail/?p=BadCredentials 5a478bee46e88-314bc413766sm24618760eec.8 - gsmtp
🗑️ Cleaning up 1 old backup(s)...
  Deleted: backup-2026-07-07T20-30-14-576Z.json
✅ Kept 30 most recent backups.
[27-07-2026  2:00:19.53] Backup finished. 
 
[27-07-2026 18:41:07.49] Starting automated database backup... 
🔄 Connecting to PostgreSQL database...
(node:14668) Warning: SECURITY WARNING: The SSL modes 'prefer', 'require', and 'verify-ca' are treated as aliases for 'verify-full'.
In the next major version (pg-connection-string v3.0.0 and pg v9.0.0), these modes will adopt standard libpq semantics, which have weaker security guarantees.

To prepare for this change:
- If you want the current behavior, explicitly use 'sslmode=verify-full'
- If you want libpq compatibility now, use 'uselibpqcompat=true&sslmode=require'

See https://www.postgresql.org/docs/current/libpq-ssl.html for libpq SSL mode definitions.
(Use `node --trace-warnings ...` to show where the warning was created)
node:internal/process/promises:332
    triggerUncaughtException(err, true /* fromPromise */);
    ^

Error: getaddrinfo ENOTFOUND ep-billowing-star-ajgbsm9e-pooler.c-3.us-east-2.aws.neon.tech
    at GetAddrInfoReqWrap.onlookupall [as oncomplete] (node:dns:121:26) {
  errno: -3008,
  code: 'ENOTFOUND',
  syscall: 'getaddrinfo',
  hostname: 'ep-billowing-star-ajgbsm9e-pooler.c-3.us-east-2.aws.neon.tech'
}

Node.js v25.6.1
[27-07-2026 18:41:31.69] Backup finished. 
 
[28-07-2026 10:10:53.50] Starting automated database backup... 
🔄 Connecting to PostgreSQL database...
(node:7820) Warning: SECURITY WARNING: The SSL modes 'prefer', 'require', and 'verify-ca' are treated as aliases for 'verify-full'.
In the next major version (pg-connection-string v3.0.0 and pg v9.0.0), these modes will adopt standard libpq semantics, which have weaker security guarantees.

To prepare for this change:
- If you want the current behavior, explicitly use 'sslmode=verify-full'
- If you want libpq compatibility now, use 'uselibpqcompat=true&sslmode=require'

See https://www.postgresql.org/docs/current/libpq-ssl.html for libpq SSL mode definitions.
(Use `node --trace-warnings ...` to show where the warning was created)
✅ Connected successfully.
📦 Exporting table "User"...
✔️ Exported 16 rows from "User".
📦 Exporting table "Tower"...
✔️ Exported 2 rows from "Tower".
📦 Exporting table "Room"...
✔️ Exported 34 rows from "Room".
📦 Exporting table "Tenant"...
✔️ Exported 14 rows from "Tenant".
📦 Exporting table "RentRecord"...
✔️ Exported 1 rows from "RentRecord".
📦 Exporting table "Payment"...
✔️ Exported 1 rows from "Payment".
📦 Exporting table "MaintenanceRequest"...
✔️ Exported 0 rows from "MaintenanceRequest".
📦 Exporting table "Notification"...
✔️ Exported 48 rows from "Notification".
📦 Exporting table "Document"...
✔️ Exported 0 rows from "Document".
📦 Exporting table "ActivityLog"...
✔️ Exported 69 rows from "ActivityLog".
📦 Exporting table "OtpCode"...
✔️ Exported 24 rows from "OtpCode".
📦 Exporting table "WhatsappQueue"...
✔️ Exported 49 rows from "WhatsappQueue".
📦 Exporting table "PushSubscription"...
✔️ Exported 8 rows from "PushSubscription".

==================================================
🎉 DATABASE BACKUP COMPLETED SUCCESSFULLY!
📂 Saved to: C:\Users\prash\.gemini\antigravity\scratch\atul-residency\backups\backup-2026-07-28T04-41-14-307Z.json
==================================================

✉️ Syncing backup file to cloud inbox: sending to atultiwari123321@gmail.com...
❌ Failed to email database backup: Invalid login: 535-5.7.8 Username and Password not accepted. For more information, go to
535 5.7.8  https://support.google.com/mail/?p=BadCredentials d9443c01a7336-2cfde5e2881sm44390495ad.25 - gsmtp
🗑️ Cleaning up 1 old backup(s)...
  Deleted: backup-2026-07-08T18-56-11-538Z.json
✅ Kept 30 most recent backups.
[28-07-2026 10:11:18.98] Backup finished. 
 
[28-07-2026 14:19:27.12] Starting automated database backup... 
🔄 Connecting to PostgreSQL database...
(node:16932) Warning: SECURITY WARNING: The SSL modes 'prefer', 'require', and 'verify-ca' are treated as aliases for 'verify-full'.
In the next major version (pg-connection-string v3.0.0 and pg v9.0.0), these modes will adopt standard libpq semantics, which have weaker security guarantees.

To prepare for this change:
- If you want the current behavior, explicitly use 'sslmode=verify-full'
- If you want libpq compatibility now, use 'uselibpqcompat=true&sslmode=require'

See https://www.postgresql.org/docs/current/libpq-ssl.html for libpq SSL mode definitions.
(Use `node --trace-warnings ...` to show where the warning was created)
✅ Connected successfully.
📦 Exporting table "User"...
✔️ Exported 16 rows from "User".
📦 Exporting table "Tower"...
✔️ Exported 2 rows from "Tower".
📦 Exporting table "Room"...
✔️ Exported 34 rows from "Room".
📦 Exporting table "Tenant"...
✔️ Exported 14 rows from "Tenant".
📦 Exporting table "RentRecord"...
✔️ Exported 1 rows from "RentRecord".
📦 Exporting table "Payment"...
✔️ Exported 1 rows from "Payment".
📦 Exporting table "MaintenanceRequest"...
✔️ Exported 0 rows from "MaintenanceRequest".
📦 Exporting table "Notification"...
✔️ Exported 48 rows from "Notification".
📦 Exporting table "Document"...
✔️ Exported 0 rows from "Document".
📦 Exporting table "ActivityLog"...
✔️ Exported 69 rows from "ActivityLog".
📦 Exporting table "OtpCode"...
✔️ Exported 24 rows from "OtpCode".
📦 Exporting table "WhatsappQueue"...
✔️ Exported 49 rows from "WhatsappQueue".
📦 Exporting table "PushSubscription"...
✔️ Exported 8 rows from "PushSubscription".

==================================================
🎉 DATABASE BACKUP COMPLETED SUCCESSFULLY!
📂 Saved to: C:\Users\prash\.gemini\antigravity\scratch\atul-residency\backups\backup-2026-07-28T08-49-45-500Z.json
==================================================

✉️ Syncing backup file to cloud inbox: sending to atultiwari123321@gmail.com...
❌ Failed to email database backup: Invalid login: 535-5.7.8 Username and Password not accepted. For more information, go to
535 5.7.8  https://support.google.com/mail/?p=BadCredentials ffacd0b85a97d-47f85c531afsm62551535f8f.24 - gsmtp
🗑️ Cleaning up 1 old backup(s)...
  Deleted: backup-2026-07-08T20-30-26-886Z.json
✅ Kept 30 most recent backups.
[28-07-2026 14:19:48.06] Backup finished. 
 
[29-07-2026 10:27:37.78] Starting automated database backup... 
🔄 Connecting to PostgreSQL database...
(node:17052) Warning: SECURITY WARNING: The SSL modes 'prefer', 'require', and 'verify-ca' are treated as aliases for 'verify-full'.
In the next major version (pg-connection-string v3.0.0 and pg v9.0.0), these modes will adopt standard libpq semantics, which have weaker security guarantees.

To prepare for this change:
- If you want the current behavior, explicitly use 'sslmode=verify-full'
- If you want libpq compatibility now, use 'uselibpqcompat=true&sslmode=require'

See https://www.postgresql.org/docs/current/libpq-ssl.html for libpq SSL mode definitions.
(Use `node --trace-warnings ...` to show where the warning was created)
✅ Connected successfully.
📦 Exporting table "User"...
✔️ Exported 16 rows from "User".
📦 Exporting table "Tower"...
✔️ Exported 2 rows from "Tower".
📦 Exporting table "Room"...
✔️ Exported 34 rows from "Room".
📦 Exporting table "Tenant"...
✔️ Exported 14 rows from "Tenant".
📦 Exporting table "RentRecord"...
✔️ Exported 1 rows from "RentRecord".
📦 Exporting table "Payment"...
✔️ Exported 1 rows from "Payment".
📦 Exporting table "MaintenanceRequest"...
✔️ Exported 0 rows from "MaintenanceRequest".
📦 Exporting table "Notification"...
✔️ Exported 48 rows from "Notification".
📦 Exporting table "Document"...
✔️ Exported 0 rows from "Document".
📦 Exporting table "ActivityLog"...
✔️ Exported 69 rows from "ActivityLog".
📦 Exporting table "OtpCode"...
✔️ Exported 24 rows from "OtpCode".
📦 Exporting table "WhatsappQueue"...
✔️ Exported 49 rows from "WhatsappQueue".
📦 Exporting table "PushSubscription"...
✔️ Exported 8 rows from "PushSubscription".

==================================================
🎉 DATABASE BACKUP COMPLETED SUCCESSFULLY!
📂 Saved to: C:\Users\prash\.gemini\antigravity\scratch\atul-residency\backups\backup-2026-07-29T04-57-52-016Z.json
==================================================

✉️ Syncing backup file to cloud inbox: sending to atultiwari123321@gmail.com...
❌ Failed to email database backup: Invalid login: 535-5.7.8 Username and Password not accepted. For more information, go to
535 5.7.8  https://support.google.com/mail/?p=BadCredentials d2e1a72fcca58-84ea0301b3csm722524b3a.34 - gsmtp
🗑️ Cleaning up 1 old backup(s)...
  Deleted: backup-2026-07-09T14-30-51-639Z.json
✅ Kept 30 most recent backups.
[29-07-2026 10:27:55.81] Backup finished. 
 
[29-07-2026 22:05:41.90] Starting automated database backup... 
🔄 Connecting to PostgreSQL database...
(node:22252) Warning: SECURITY WARNING: The SSL modes 'prefer', 'require', and 'verify-ca' are treated as aliases for 'verify-full'.
In the next major version (pg-connection-string v3.0.0 and pg v9.0.0), these modes will adopt standard libpq semantics, which have weaker security guarantees.

To prepare for this change:
- If you want the current behavior, explicitly use 'sslmode=verify-full'
- If you want libpq compatibility now, use 'uselibpqcompat=true&sslmode=require'

See https://www.postgresql.org/docs/current/libpq-ssl.html for libpq SSL mode definitions.
(Use `node --trace-warnings ...` to show where the warning was created)
✅ Connected successfully.
📦 Exporting table "User"...
✔️ Exported 16 rows from "User".
📦 Exporting table "Tower"...
✔️ Exported 2 rows from "Tower".
📦 Exporting table "Room"...
✔️ Exported 34 rows from "Room".
📦 Exporting table "Tenant"...
✔️ Exported 14 rows from "Tenant".
📦 Exporting table "RentRecord"...
✔️ Exported 1 rows from "RentRecord".
📦 Exporting table "Payment"...
✔️ Exported 1 rows from "Payment".
📦 Exporting table "MaintenanceRequest"...
✔️ Exported 0 rows from "MaintenanceRequest".
📦 Exporting table "Notification"...
✔️ Exported 48 rows from "Notification".
📦 Exporting table "Document"...
✔️ Exported 0 rows from "Document".
📦 Exporting table "ActivityLog"...
✔️ Exported 69 rows from "ActivityLog".
📦 Exporting table "OtpCode"...
✔️ Exported 24 rows from "OtpCode".
📦 Exporting table "WhatsappQueue"...
✔️ Exported 49 rows from "WhatsappQueue".
📦 Exporting table "PushSubscription"...
✔️ Exported 8 rows from "PushSubscription".

==================================================
🎉 DATABASE BACKUP COMPLETED SUCCESSFULLY!
📂 Saved to: C:\Users\prash\.gemini\antigravity\scratch\atul-residency\backups\backup-2026-07-29T16-35-58-961Z.json
==================================================

✉️ Syncing backup file to cloud inbox: sending to atultiwari123321@gmail.com...
❌ Failed to email database backup: Invalid login: 535-5.7.8 Username and Password not accepted. For more information, go to
535 5.7.8  https://support.google.com/mail/?p=BadCredentials 46e09a7af769-7f00d94d404sm2674658a34.23 - gsmtp
🗑️ Cleaning up 1 old backup(s)...
  Deleted: backup-2026-07-09T20-30-20-566Z.json
✅ Kept 30 most recent backups.
[29-07-2026 22:06:02.63] Backup finished. 
 
[30-07-2026  2:00:03.46] Starting automated database backup... 
🔄 Connecting to PostgreSQL database...
(node:22536) Warning: SECURITY WARNING: The SSL modes 'prefer', 'require', and 'verify-ca' are treated as aliases for 'verify-full'.
In the next major version (pg-connection-string v3.0.0 and pg v9.0.0), these modes will adopt standard libpq semantics, which have weaker security guarantees.

To prepare for this change:
- If you want the current behavior, explicitly use 'sslmode=verify-full'
- If you want libpq compatibility now, use 'uselibpqcompat=true&sslmode=require'

See https://www.postgresql.org/docs/current/libpq-ssl.html for libpq SSL mode definitions.
(Use `node --trace-warnings ...` to show where the warning was created)
node:internal/process/promises:332
    triggerUncaughtException(err, true /* fromPromise */);
    ^

Error: getaddrinfo ENOTFOUND ep-billowing-star-ajgbsm9e-pooler.c-3.us-east-2.aws.neon.tech
    at GetAddrInfoReqWrap.onlookupall [as oncomplete] (node:dns:121:26) {
  errno: -3008,
  code: 'ENOTFOUND',
  syscall: 'getaddrinfo',
  hostname: 'ep-billowing-star-ajgbsm9e-pooler.c-3.us-east-2.aws.neon.tech'
}

Node.js v25.6.1
[30-07-2026  2:00:04.03] Backup finished. 
 
[30-07-2026 15:16:58.18] Starting automated database backup... 
🔄 Connecting to PostgreSQL database...
(node:8440) Warning: SECURITY WARNING: The SSL modes 'prefer', 'require', and 'verify-ca' are treated as aliases for 'verify-full'.
In the next major version (pg-connection-string v3.0.0 and pg v9.0.0), these modes will adopt standard libpq semantics, which have weaker security guarantees.

To prepare for this change:
- If you want the current behavior, explicitly use 'sslmode=verify-full'
- If you want libpq compatibility now, use 'uselibpqcompat=true&sslmode=require'

See https://www.postgresql.org/docs/current/libpq-ssl.html for libpq SSL mode definitions.
(Use `node --trace-warnings ...` to show where the warning was created)
✅ Connected successfully.
📦 Exporting table "User"...
✔️ Exported 16 rows from "User".
📦 Exporting table "Tower"...
✔️ Exported 2 rows from "Tower".
📦 Exporting table "Room"...
✔️ Exported 34 rows from "Room".
📦 Exporting table "Tenant"...
✔️ Exported 14 rows from "Tenant".
📦 Exporting table "RentRecord"...
✔️ Exported 1 rows from "RentRecord".
📦 Exporting table "Payment"...
✔️ Exported 1 rows from "Payment".
📦 Exporting table "MaintenanceRequest"...
✔️ Exported 0 rows from "MaintenanceRequest".
📦 Exporting table "Notification"...
✔️ Exported 48 rows from "Notification".
📦 Exporting table "Document"...
✔️ Exported 0 rows from "Document".
📦 Exporting table "ActivityLog"...
✔️ Exported 69 rows from "ActivityLog".
📦 Exporting table "OtpCode"...
✔️ Exported 24 rows from "OtpCode".
📦 Exporting table "WhatsappQueue"...
✔️ Exported 49 rows from "WhatsappQueue".
📦 Exporting table "PushSubscription"...
✔️ Exported 10 rows from "PushSubscription".

==================================================
🎉 DATABASE BACKUP COMPLETED SUCCESSFULLY!
📂 Saved to: C:\Users\prash\.gemini\antigravity\scratch\atul-residency\backups\backup-2026-07-30T09-47-11-213Z.json
==================================================

✉️ Syncing backup file to cloud inbox: sending to atultiwari123321@gmail.com...
❌ Failed to email database backup: Invalid login: 535-5.7.8 Username and Password not accepted. For more information, go to
535 5.7.8  https://support.google.com/mail/?p=BadCredentials d9443c01a7336-2d022bc9fe9sm23643195ad.51 - gsmtp
🗑️ Cleaning up 1 old backup(s)...
  Deleted: backup-2026-07-10T19-07-27-310Z.json
✅ Kept 30 most recent backups.
[30-07-2026 15:17:13.14] Backup finished. 
 
[31-07-2026 10:26:28.19] Starting automated database backup... 
🔄 Connecting to PostgreSQL database...
(node:19820) Warning: SECURITY WARNING: The SSL modes 'prefer', 'require', and 'verify-ca' are treated as aliases for 'verify-full'.
In the next major version (pg-connection-string v3.0.0 and pg v9.0.0), these modes will adopt standard libpq semantics, which have weaker security guarantees.

To prepare for this change:
- If you want the current behavior, explicitly use 'sslmode=verify-full'
- If you want libpq compatibility now, use 'uselibpqcompat=true&sslmode=require'

See https://www.postgresql.org/docs/current/libpq-ssl.html for libpq SSL mode definitions.
(Use `node --trace-warnings ...` to show where the warning was created)
✅ Connected successfully.
📦 Exporting table "User"...
✔️ Exported 16 rows from "User".
📦 Exporting table "Tower"...
✔️ Exported 2 rows from "Tower".
📦 Exporting table "Room"...
✔️ Exported 34 rows from "Room".
📦 Exporting table "Tenant"...
✔️ Exported 14 rows from "Tenant".
📦 Exporting table "RentRecord"...
✔️ Exported 1 rows from "RentRecord".
📦 Exporting table "Payment"...
✔️ Exported 1 rows from "Payment".
📦 Exporting table "MaintenanceRequest"...
✔️ Exported 0 rows from "MaintenanceRequest".
📦 Exporting table "Notification"...
✔️ Exported 48 rows from "Notification".
📦 Exporting table "Document"...
✔️ Exported 0 rows from "Document".
📦 Exporting table "ActivityLog"...
✔️ Exported 69 rows from "ActivityLog".
📦 Exporting table "OtpCode"...
✔️ Exported 24 rows from "OtpCode".
📦 Exporting table "WhatsappQueue"...
✔️ Exported 49 rows from "WhatsappQueue".
📦 Exporting table "PushSubscription"...
✔️ Exported 11 rows from "PushSubscription".

==================================================
🎉 DATABASE BACKUP COMPLETED SUCCESSFULLY!
📂 Saved to: C:\Users\prash\.gemini\antigravity\scratch\atul-residency\backups\backup-2026-07-31T04-56-39-954Z.json
==================================================

✉️ Syncing backup file to cloud inbox: sending to atultiwari123321@gmail.com...
❌ Failed to email database backup: Invalid login: 535-5.7.8 Username and Password not accepted. For more information, go to
535 5.7.8  https://support.google.com/mail/?p=BadCredentials 5a478bee46e88-3153e18e70esm1556469eec.29 - gsmtp
🗑️ Cleaning up 1 old backup(s)...
  Deleted: backup-2026-07-10T20-30-12-790Z.json
✅ Kept 30 most recent backups.
[31-07-2026 10:26:41.98] Backup finished. 
 
[31-07-2026 23:12:31.70] Starting automated database backup... 
🔄 Connecting to PostgreSQL database...
(node:7748) Warning: SECURITY WARNING: The SSL modes 'prefer', 'require', and 'verify-ca' are treated as aliases for 'verify-full'.
In the next major version (pg-connection-string v3.0.0 and pg v9.0.0), these modes will adopt standard libpq semantics, which have weaker security guarantees.

To prepare for this change:
- If you want the current behavior, explicitly use 'sslmode=verify-full'
- If you want libpq compatibility now, use 'uselibpqcompat=true&sslmode=require'

See https://www.postgresql.org/docs/current/libpq-ssl.html for libpq SSL mode definitions.
(Use `node --trace-warnings ...` to show where the warning was created)
✅ Connected successfully.
📦 Exporting table "User"...
✔️ Exported 16 rows from "User".
📦 Exporting table "Tower"...
✔️ Exported 2 rows from "Tower".
📦 Exporting table "Room"...
✔️ Exported 34 rows from "Room".
📦 Exporting table "Tenant"...
✔️ Exported 14 rows from "Tenant".
📦 Exporting table "RentRecord"...
✔️ Exported 15 rows from "RentRecord".
📦 Exporting table "Payment"...
✔️ Exported 1 rows from "Payment".
📦 Exporting table "MaintenanceRequest"...
✔️ Exported 1 rows from "MaintenanceRequest".
📦 Exporting table "Notification"...
✔️ Exported 50 rows from "Notification".
📦 Exporting table "Document"...
✔️ Exported 0 rows from "Document".
📦 Exporting table "ActivityLog"...
✔️ Exported 69 rows from "ActivityLog".
📦 Exporting table "OtpCode"...
✔️ Exported 24 rows from "OtpCode".
📦 Exporting table "WhatsappQueue"...
✔️ Exported 50 rows from "WhatsappQueue".
📦 Exporting table "PushSubscription"...
✔️ Exported 9 rows from "PushSubscription".

==================================================
🎉 DATABASE BACKUP COMPLETED SUCCESSFULLY!
📂 Saved to: C:\Users\prash\.gemini\antigravity\scratch\atul-residency\backups\backup-2026-07-31T17-42-43-704Z.json
==================================================

✉️ Syncing backup file to cloud inbox: sending to atultiwari123321@gmail.com...
❌ Failed to email database backup: Invalid login: 535-5.7.8 Username and Password not accepted. For more information, go to
535 5.7.8  https://support.google.com/mail/?p=BadCredentials 46e09a7af769-7f18f0da951sm1141735a34.24 - gsmtp
🗑️ Cleaning up 1 old backup(s)...
  Deleted: backup-2026-07-11T08-30-14-759Z.json
✅ Kept 30 most recent backups.
[31-07-2026 23:12:46.55] Backup finished. 
 
[01-08-2026  2:00:01.76] Starting automated database backup... 
🔄 Connecting to PostgreSQL database...
(node:12596) Warning: SECURITY WARNING: The SSL modes 'prefer', 'require', and 'verify-ca' are treated as aliases for 'verify-full'.
In the next major version (pg-connection-string v3.0.0 and pg v9.0.0), these modes will adopt standard libpq semantics, which have weaker security guarantees.

To prepare for this change:
- If you want the current behavior, explicitly use 'sslmode=verify-full'
- If you want libpq compatibility now, use 'uselibpqcompat=true&sslmode=require'

See https://www.postgresql.org/docs/current/libpq-ssl.html for libpq SSL mode definitions.
(Use `node --trace-warnings ...` to show where the warning was created)
✅ Connected successfully.
📦 Exporting table "User"...
✔️ Exported 16 rows from "User".
📦 Exporting table "Tower"...
✔️ Exported 2 rows from "Tower".
📦 Exporting table "Room"...
✔️ Exported 34 rows from "Room".
📦 Exporting table "Tenant"...
✔️ Exported 14 rows from "Tenant".
📦 Exporting table "RentRecord"...
✔️ Exported 15 rows from "RentRecord".
📦 Exporting table "Payment"...
✔️ Exported 1 rows from "Payment".
📦 Exporting table "MaintenanceRequest"...
✔️ Exported 1 rows from "MaintenanceRequest".
📦 Exporting table "Notification"...
✔️ Exported 50 rows from "Notification".
📦 Exporting table "Document"...
✔️ Exported 0 rows from "Document".
📦 Exporting table "ActivityLog"...
✔️ Exported 69 rows from "ActivityLog".
📦 Exporting table "OtpCode"...
✔️ Exported 24 rows from "OtpCode".
📦 Exporting table "WhatsappQueue"...
✔️ Exported 50 rows from "WhatsappQueue".
📦 Exporting table "PushSubscription"...
✔️ Exported 9 rows from "PushSubscription".

==================================================
🎉 DATABASE BACKUP COMPLETED SUCCESSFULLY!
📂 Saved to: C:\Users\prash\.gemini\antigravity\scratch\atul-residency\backups\backup-2026-07-31T20-30-13-149Z.json
==================================================

✉️ Syncing backup file to cloud inbox: sending to atultiwari123321@gmail.com...
❌ Failed to email database backup: Invalid login: 535-5.7.8 Username and Password not accepted. For more information, go to
535 5.7.8  https://support.google.com/mail/?p=BadCredentials 5a478bee46e88-3153e06fc98sm8950108eec.21 - gsmtp
🗑️ Cleaning up 1 old backup(s)...
  Deleted: backup-2026-07-12T01-03-08-723Z.json
✅ Kept 30 most recent backups.
[01-08-2026  2:00:15.02] Backup finished. 
 
[01-08-2026 15:25:20.25] Starting automated database backup... 
🔄 Connecting to PostgreSQL database...
(node:2040) Warning: SECURITY WARNING: The SSL modes 'prefer', 'require', and 'verify-ca' are treated as aliases for 'verify-full'.
In the next major version (pg-connection-string v3.0.0 and pg v9.0.0), these modes will adopt standard libpq semantics, which have weaker security guarantees.

To prepare for this change:
- If you want the current behavior, explicitly use 'sslmode=verify-full'
- If you want libpq compatibility now, use 'uselibpqcompat=true&sslmode=require'

See https://www.postgresql.org/docs/current/libpq-ssl.html for libpq SSL mode definitions.
(Use `node --trace-warnings ...` to show where the warning was created)
✅ Connected successfully.
📦 Exporting table "User"...
✔️ Exported 16 rows from "User".
📦 Exporting table "Tower"...
✔️ Exported 2 rows from "Tower".
📦 Exporting table "Room"...
✔️ Exported 34 rows from "Room".
📦 Exporting table "Tenant"...
✔️ Exported 14 rows from "Tenant".
📦 Exporting table "RentRecord"...
✔️ Exported 15 rows from "RentRecord".
📦 Exporting table "Payment"...
✔️ Exported 1 rows from "Payment".
📦 Exporting table "MaintenanceRequest"...
✔️ Exported 1 rows from "MaintenanceRequest".
📦 Exporting table "Notification"...
✔️ Exported 50 rows from "Notification".
📦 Exporting table "Document"...
✔️ Exported 0 rows from "Document".
📦 Exporting table "ActivityLog"...
✔️ Exported 69 rows from "ActivityLog".
📦 Exporting table "OtpCode"...
✔️ Exported 24 rows from "OtpCode".
📦 Exporting table "WhatsappQueue"...
✔️ Exported 50 rows from "WhatsappQueue".
📦 Exporting table "PushSubscription"...
✔️ Exported 9 rows from "PushSubscription".

==================================================
🎉 DATABASE BACKUP COMPLETED SUCCESSFULLY!
📂 Saved to: C:\Users\prash\.gemini\antigravity\scratch\atul-residency\backups\backup-2026-08-01T09-55-33-353Z.json
==================================================

✉️ Syncing backup file to cloud inbox: sending to atultiwari123321@gmail.com...
❌ Failed to email database backup: Invalid login: 535-5.7.8 Username and Password not accepted. For more information, go to
535 5.7.8  https://support.google.com/mail/?p=BadCredentials 5a478bee46e88-3153e045016sm23008462eec.19 - gsmtp
🗑️ Cleaning up 1 old backup(s)...
  Deleted: backup-2026-07-12T14-55-07-351Z.json
✅ Kept 30 most recent backups.
[01-08-2026 15:25:35.16] Backup finished. 
 
[02-08-2026  2:00:02.04] Starting automated database backup... 
🔄 Connecting to PostgreSQL database...
(node:23948) Warning: SECURITY WARNING: The SSL modes 'prefer', 'require', and 'verify-ca' are treated as aliases for 'verify-full'.
In the next major version (pg-connection-string v3.0.0 and pg v9.0.0), these modes will adopt standard libpq semantics, which have weaker security guarantees.

To prepare for this change:
- If you want the current behavior, explicitly use 'sslmode=verify-full'
- If you want libpq compatibility now, use 'uselibpqcompat=true&sslmode=require'

See https://www.postgresql.org/docs/current/libpq-ssl.html for libpq SSL mode definitions.
(Use `node --trace-warnings ...` to show where the warning was created)
✅ Connected successfully.
📦 Exporting table "User"...
✔️ Exported 16 rows from "User".
📦 Exporting table "Tower"...
✔️ Exported 2 rows from "Tower".
📦 Exporting table "Room"...
✔️ Exported 34 rows from "Room".
📦 Exporting table "Tenant"...
✔️ Exported 14 rows from "Tenant".
📦 Exporting table "RentRecord"...
✔️ Exported 15 rows from "RentRecord".
📦 Exporting table "Payment"...
✔️ Exported 1 rows from "Payment".
📦 Exporting table "MaintenanceRequest"...
✔️ Exported 1 rows from "MaintenanceRequest".
📦 Exporting table "Notification"...
✔️ Exported 50 rows from "Notification".
📦 Exporting table "Document"...
✔️ Exported 0 rows from "Document".
📦 Exporting table "ActivityLog"...
✔️ Exported 69 rows from "ActivityLog".
📦 Exporting table "OtpCode"...
✔️ Exported 24 rows from "OtpCode".
📦 Exporting table "WhatsappQueue"...
✔️ Exported 50 rows from "WhatsappQueue".
📦 Exporting table "PushSubscription"...
✔️ Exported 9 rows from "PushSubscription".

==================================================
🎉 DATABASE BACKUP COMPLETED SUCCESSFULLY!
📂 Saved to: C:\Users\prash\.gemini\antigravity\scratch\atul-residency\backups\backup-2026-08-01T20-30-13-453Z.json
==================================================

✉️ Syncing backup file to cloud inbox: sending to atultiwari123321@gmail.com...
❌ Failed to email database backup: Invalid login: 535-5.7.8 Username and Password not accepted. For more information, go to
535 5.7.8  https://support.google.com/mail/?p=BadCredentials 5a478bee46e88-3153e06f88fsm19187598eec.20 - gsmtp
🗑️ Cleaning up 1 old backup(s)...
  Deleted: backup-2026-07-13T03-58-50-576Z.json
✅ Kept 30 most recent backups.
[02-08-2026  2:00:16.20] Backup finished. 
 
[02-08-2026 17:05:37.72] Starting automated database backup... 
🔄 Connecting to PostgreSQL database...
(node:16152) Warning: SECURITY WARNING: The SSL modes 'prefer', 'require', and 'verify-ca' are treated as aliases for 'verify-full'.
In the next major version (pg-connection-string v3.0.0 and pg v9.0.0), these modes will adopt standard libpq semantics, which have weaker security guarantees.

To prepare for this change:
- If you want the current behavior, explicitly use 'sslmode=verify-full'
- If you want libpq compatibility now, use 'uselibpqcompat=true&sslmode=require'

See https://www.postgresql.org/docs/current/libpq-ssl.html for libpq SSL mode definitions.
(Use `node --trace-warnings ...` to show where the warning was created)
✅ Connected successfully.
📦 Exporting table "User"...
✔️ Exported 16 rows from "User".
📦 Exporting table "Tower"...
✔️ Exported 2 rows from "Tower".
📦 Exporting table "Room"...
✔️ Exported 34 rows from "Room".
📦 Exporting table "Tenant"...
✔️ Exported 14 rows from "Tenant".
📦 Exporting table "RentRecord"...
✔️ Exported 15 rows from "RentRecord".
📦 Exporting table "Payment"...
✔️ Exported 1 rows from "Payment".
📦 Exporting table "MaintenanceRequest"...
✔️ Exported 1 rows from "MaintenanceRequest".
📦 Exporting table "Notification"...
✔️ Exported 50 rows from "Notification".
📦 Exporting table "Document"...
✔️ Exported 0 rows from "Document".
📦 Exporting table "ActivityLog"...
✔️ Exported 69 rows from "ActivityLog".
📦 Exporting table "OtpCode"...
✔️ Exported 24 rows from "OtpCode".
📦 Exporting table "WhatsappQueue"...
✔️ Exported 50 rows from "WhatsappQueue".
📦 Exporting table "PushSubscription"...
✔️ Exported 9 rows from "PushSubscription".

==================================================
🎉 DATABASE BACKUP COMPLETED SUCCESSFULLY!
📂 Saved to: C:\Users\prash\.gemini\antigravity\scratch\atul-residency\backups\backup-2026-08-02T11-36-01-609Z.json
==================================================

✉️ Syncing backup file to cloud inbox: sending to atultiwari123321@gmail.com...
❌ Failed to email database backup: Invalid login: 535-5.7.8 Username and Password not accepted. For more information, go to
535 5.7.8  https://support.google.com/mail/?p=BadCredentials 5a478bee46e88-3153dd4e666sm38343326eec.4 - gsmtp
🗑️ Cleaning up 1 old backup(s)...
  Deleted: backup-2026-07-14T03-58-01-155Z.json
✅ Kept 30 most recent backups.
[02-08-2026 17:06:03.47] Backup finished. 
 
[03-08-2026  2:02:36.82] Starting automated database backup... 
🔄 Connecting to PostgreSQL database...
(node:18388) Warning: SECURITY WARNING: The SSL modes 'prefer', 'require', and 'verify-ca' are treated as aliases for 'verify-full'.
In the next major version (pg-connection-string v3.0.0 and pg v9.0.0), these modes will adopt standard libpq semantics, which have weaker security guarantees.

To prepare for this change:
- If you want the current behavior, explicitly use 'sslmode=verify-full'
- If you want libpq compatibility now, use 'uselibpqcompat=true&sslmode=require'

See https://www.postgresql.org/docs/current/libpq-ssl.html for libpq SSL mode definitions.
(Use `node --trace-warnings ...` to show where the warning was created)
node:internal/process/promises:332
    triggerUncaughtException(err, true /* fromPromise */);
    ^

Error: getaddrinfo ENOTFOUND ep-billowing-star-ajgbsm9e-pooler.c-3.us-east-2.aws.neon.tech
    at GetAddrInfoReqWrap.onlookupall [as oncomplete] (node:dns:121:26) {
  errno: -3008,
  code: 'ENOTFOUND',
  syscall: 'getaddrinfo',
  hostname: 'ep-billowing-star-ajgbsm9e-pooler.c-3.us-east-2.aws.neon.tech'
}

Node.js v25.6.1
[03-08-2026  2:02:37.95] Backup finished. 
 
[03-08-2026 15:17:14.81] Starting automated database backup... 
🔄 Connecting to PostgreSQL database...
(node:23096) Warning: SECURITY WARNING: The SSL modes 'prefer', 'require', and 'verify-ca' are treated as aliases for 'verify-full'.
In the next major version (pg-connection-string v3.0.0 and pg v9.0.0), these modes will adopt standard libpq semantics, which have weaker security guarantees.

To prepare for this change:
- If you want the current behavior, explicitly use 'sslmode=verify-full'
- If you want libpq compatibility now, use 'uselibpqcompat=true&sslmode=require'

See https://www.postgresql.org/docs/current/libpq-ssl.html for libpq SSL mode definitions.
(Use `node --trace-warnings ...` to show where the warning was created)
node:internal/process/promises:332
    triggerUncaughtException(err, true /* fromPromise */);
    ^

AggregateError [ETIMEDOUT]: 
    at internalConnectMultiple (node:net:1201:49)
    at afterConnectMultiple (node:net:1791:7) {
  code: 'ETIMEDOUT',
  [errors]: [
    Error: connect ETIMEDOUT 3.21.66.37:5432
        at createConnectionError (node:net:1754:14)
        at Timeout.internalConnectMultipleTimeout (node:net:1813:38)
        at listOnTimeout (node:internal/timers:607:11)
        at process.processTimers (node:internal/timers:541:7) {
      errno: -4039,
      code: 'ETIMEDOUT',
      syscall: 'connect',
      address: '3.21.66.37',
      port: 5432
    },
    Error: connect ETIMEDOUT 13.58.237.212:5432
        at createConnectionError (node:net:1754:14)
        at Timeout.internalConnectMultipleTimeout (node:net:1813:38)
        at listOnTimeout (node:internal/timers:607:11)
        at process.processTimers (node:internal/timers:541:7) {
      errno: -4039,
      code: 'ETIMEDOUT',
      syscall: 'connect',
      address: '13.58.237.212',
      port: 5432
    },
    Error: connect ETIMEDOUT 18.216.137.125:5432
        at createConnectionError (node:net:1754:14)
        at afterConnectMultiple (node:net:1784:16) {
      errno: -4039,
      code: 'ETIMEDOUT',
      syscall: 'connect',
      address: '18.216.137.125',
      port: 5432
    }
  ]
}

Node.js v25.6.1
[03-08-2026 15:17:37.00] Backup finished. 
 
[04-08-2026  9:33:03.52] Starting automated database backup... 
🔄 Connecting to PostgreSQL database...
(node:14504) Warning: SECURITY WARNING: The SSL modes 'prefer', 'require', and 'verify-ca' are treated as aliases for 'verify-full'.
In the next major version (pg-connection-string v3.0.0 and pg v9.0.0), these modes will adopt standard libpq semantics, which have weaker security guarantees.

To prepare for this change:
- If you want the current behavior, explicitly use 'sslmode=verify-full'
- If you want libpq compatibility now, use 'uselibpqcompat=true&sslmode=require'

See https://www.postgresql.org/docs/current/libpq-ssl.html for libpq SSL mode definitions.
(Use `node --trace-warnings ...` to show where the warning was created)
✅ Connected successfully.
📦 Exporting table "User"...
✔️ Exported 17 rows from "User".
📦 Exporting table "Tower"...
✔️ Exported 2 rows from "Tower".
📦 Exporting table "Room"...
✔️ Exported 34 rows from "Room".
📦 Exporting table "Tenant"...
✔️ Exported 15 rows from "Tenant".
📦 Exporting table "RentRecord"...
✔️ Exported 30 rows from "RentRecord".
📦 Exporting table "Payment"...
✔️ Exported 1 rows from "Payment".
📦 Exporting table "MaintenanceRequest"...
✔️ Exported 2 rows from "MaintenanceRequest".
📦 Exporting table "Notification"...
✔️ Exported 52 rows from "Notification".
📦 Exporting table "Document"...
✔️ Exported 0 rows from "Document".
📦 Exporting table "ActivityLog"...
✔️ Exported 88 rows from "ActivityLog".
📦 Exporting table "OtpCode"...
✔️ Exported 24 rows from "OtpCode".
📦 Exporting table "WhatsappQueue"...
✔️ Exported 52 rows from "WhatsappQueue".
📦 Exporting table "PushSubscription"...
✔️ Exported 6 rows from "PushSubscription".

==================================================
🎉 DATABASE BACKUP COMPLETED SUCCESSFULLY!
📂 Saved to: C:\Users\prash\.gemini\antigravity\scratch\atul-residency\backups\backup-2026-08-04T04-03-13-426Z.json
==================================================

✉️ Syncing backup file to cloud inbox: sending to atultiwari123321@gmail.com...
❌ Failed to email database backup: Invalid login: 535-5.7.8 Username and Password not accepted. For more information, go to
535 5.7.8  https://support.google.com/mail/?p=BadCredentials d9443c01a7336-2d04b120f2fsm45662695ad.64 - gsmtp
🗑️ Cleaning up 1 old backup(s)...
  Deleted: backup-2026-07-21T17-29-18-695Z.json
✅ Kept 30 most recent backups.
[04-08-2026  9:33:16.07] Backup finished. 
 
